Unnamed: 0,id,hip,hd,hr,gl,bf,proper,ra,dec,dist,pmra,pmdec,rv,mag,absmag,spect,ci,x,y,z,vx,vy,vz,rarad,decrad,pmrarad,pmdecrad,bayer,flam,con,comp,comp_primary,base,lum,var,var_min,var_max
0,0,,,,,,Sol,0.0,0.0,0.0,0.0,0.0,0.0,-26.7,4.85,G2V,0.656,5e-06,0.0,0.0,0.0,0.0,0.0,0.0,0.0,0.0,0.0,,,,1,0,,1.0,,,
676,676,677.0,358.0,15.0,,21Alp And,Alpheratz,0.139791,29.090432,29.7442,135.68,-162.95,-12.0,2.07,-0.297,B9p,-0.038,25.974572,0.951042,14.461264,-2e-08,1.958e-05,-2.65e-05,0.036597163,0.507723818,6.57795e-07,-7.90004e-07,Alp,21.0,And,1,676,,114.4985535,Alp,2.083,2.063
744,744,746.0,432.0,21.0,Gl 8,11Bet Cas,Caph,0.152887,59.14978,16.7842,523.39,-180.42,11.3,2.28,1.155,F2III-IV,0.38,8.600014,0.344589,14.409503,1.681e-05,4.329e-05,2.39e-06,0.040025853,1.032358404,2.53747e-06,-8.74701e-07,Bet,11.0,Cas,1,744,,30.06076303,Bet,2.303,2.263
1065,1065,1067.0,886.0,39.0,,88Gam Peg,Algenib,0.220598,15.183596,120.048,4.7,-8.24,4.0,2.83,-2.567,B2IV,-0.19,115.664183,6.687324,31.442127,5.04e-06,3.03e-06,-3.56e-06,0.057752413,0.26500374,2.27862e-08,-3.99486e-08,Gam,88.0,Peg,1,1065,,926.4031007,Gam,2.846,2.816
2076,2076,2081.0,2261.0,99.0,,Alp Phe,Ankaa,0.438056,-42.305981,25.974,232.76,-353.64,75.0,2.4,0.327,K0III...,1.083,19.083654,2.198282,-17.483284,2.323e-05,3.218e-05,-8.456e-05,0.114682903,-0.738378669,1.12845e-06,-1.7145e-06,Alp,,Phe,1,2076,,64.44659847,,,
2914,2914,2920.0,3360.0,153.0,,17Zet Cas,Fulu,0.616188,53.896909,181.8182,17.77,-9.15,2.0,3.69,-2.608,B2IV,-0.196,105.743565,17.207892,146.901502,5.11e-06,1.67e-05,-3.1e-06,0.161317682,0.940678524,8.61514e-08,-4.43605e-08,Zet,17.0,Cas,1,2914,,962.0552192,,,
3172,3172,3179.0,3712.0,168.0,,18Alp Cas,Schedar,0.675116,56.537331,69.979,50.36,-32.17,-4.0,2.24,-1.985,K0II-IIIvar,1.17,37.984817,6.784483,58.379619,3.74e-06,1.802e-05,-9.43e-06,0.176744881,0.986762576,2.44152e-07,-1.55965e-07,Alp,18.0,Cas,1,3172,,542.0008904,Alp,2.25,2.23
3413,3413,3419.0,4128.0,188.0,Gl 31,16Bet Cet,Diphda,0.72649,-17.986605,29.5334,232.79,32.71,13.3,2.04,-0.312,K0III,1.019,27.583638,5.310463,-9.119792,7.82e-06,3.545e-05,2.5e-07,0.190194642,-0.31392547,1.1286e-06,1.58583e-07,Bet,16.0,Cet,1,3413,,116.091387,,,
3759,3759,3765.0,4628.0,222.0,Gl 33,,96 G. Psc,0.806382,5.280615,7.4549,758.04,-1141.22,-10.0,5.74,6.378,K2V,0.89,7.258368,1.555495,0.686093,-1.198e-05,2.545e-05,-4.201e-05,0.211110319,0.092164116,3.67508e-06,-5.53279e-06,,,Psc,1,3759,,0.244793567,,,
3814,3814,3821.0,4614.0,219.0,Gl 34A,24Eta Cas,Achird,0.81826,57.815187,5.9531,1087.11,-559.65,8.2,3.46,4.586,G0V SB,0.587,3.098462,0.674227,5.038376,1.105e-05,3.451e-05,-1.5e-06,0.214219876,1.009065377,5.27046e-06,-2.71326e-06,Eta,24.0,Cas,1,3814,Gl  34,1.275263706,Eta,3.507,3.457
4412,4412,4422.0,5395.0,265.0,,28Ups2Cas,Castula,0.944432,59.181056,61.2745,-92.56,-45.33,-47.0,4.62,0.684,G8III-IV,0.957,30.437701,7.68286,52.6216,-5.94e-06,-2.986e-05,-4.818e-05,0.247251813,1.032904274,-4.48744e-07,-2.19766e-07,Ups-2,28.0,Cas,1,4412,,46.38739668,,,
4417,4417,4427.0,5394.0,264.0,,27Gam Cas,Cih,0.945143,60.71674,168.3502,25.65,-3.82,-7.0,2.15,-3.981,B0IV:evar,-0.046,79.836717,20.168018,146.837047,-5.89e-06,2.01e-05,-7.77e-06,0.247437951,1.059707029,1.24355e-07,-1.85199e-08,Gam,27.0,Cas,1,4417,,3407.218617,Gam,2.173,2.133
5337,5337,5348.0,6882.0,338.0,,Zet Phe,Wurren,1.139742,-55.24576,91.5751,21.17,29.7,15.0,3.94,-0.869,B6V + B0V,-0.12,49.896436,15.346501,-75.238648,1.595e-05,1.474e-05,-5.09e-06,0.298383846,-0.964220411,1.02635e-07,1.4399e-07,Zet,,Phe,1,5337,,193.9099079,Zet,4.199,3.929
5436,5436,5447.0,6860.0,337.0,Gl 53.3,43Bet And,Mirach,1.162194,35.620558,60.5327,175.59,-112.23,-0.8,2.07,-1.84,M0IIIvar,1.576,46.946371,14.741814,35.255129,2.23e-06,5.471e-05,-2.725e-05,0.304261793,0.621696012,8.51284e-07,-5.44106e-07,Bet,43.0,And,1,5436,,474.2419853,,,
5725,5725,5737.0,7344.0,361.0,,86Zet Psc,Revati,1.228857,7.575354,53.3049,141.66,-55.62,9.0,5.21,1.576,A7IV,0.32,50.128801,16.707567,7.027196,-1.12e-06,3.821e-05,-1.303e-05,0.321713994,0.132214865,6.86787e-07,-2.69653e-07,Zet,86.0,Psc,1,5725,,20.398583,,5.256,5.036
6397,6397,6411.0,8207.0,390.0,,46Xi  And,Adhil,1.372337,45.528778,65.7462,32.21,8.73,-13.0,4.87,0.781,K0III-IV,1.077,43.117698,16.194066,46.916563,-1.419e-05,5.64e-06,-7.54e-06,0.359276883,0.794627076,1.56158e-07,4.23242e-08,Xi,46.0,And,1,6397,,42.42286549,,,
6672,6672,6686.0,8538.0,403.0,,37Del Cas,Ruchbah,1.430216,60.235283,30.4785,297.24,-49.49,7.0,2.66,0.24,A5Vv SB,0.16,14.082378,5.53413,26.457567,-6.85e-06,4.45e-05,2.58e-06,0.374429587,1.051304016,1.44106e-06,-2.39934e-07,Del,37.0,Cas,1,6672,,69.82324041,Del,2.666,2.656
7083,7083,7097.0,9270.0,437.0,,99Eta Psc,Alpherg,1.524725,15.345823,107.1811,25.73,-3.29,15.0,3.62,-1.531,G8III,0.974,95.233975,40.171366,28.364911,8.85e-06,1.824e-05,2.41e-06,0.399171986,0.267835137,1.24743e-07,-1.59504e-08,Eta,99.0,Psc,1,7083,,356.7795883,,,
7499,7499,7513.0,9826.0,458.0,Gl 61,50Ups And,Titawin,1.613299,41.405459,13.4916,-172.57,-381.01,-28.7,4.1,3.45,F8V,0.536,9.229933,4.147969,8.92295,-4.2e-07,-1.256e-05,-3.81e-05,0.422360683,0.722661584,-8.36643e-07,-1.84719e-06,Ups,50.0,And,1,7499,,3.630780548,,,
7574,7574,7588.0,10144.0,472.0,,Alp Eri,Achernar,1.628556,-57.236757,42.7533,88.02,-40.08,16.0,0.45,-2.705,B3Vp,-0.158,21.065573,9.568417,-35.951967,-5.84e-06,1.738e-05,-1.826e-05,0.426355066,-0.998969869,4.26733e-07,-1.94313e-07,Alp,,Eri,1,7574,,1051.961874,Alp,0.487,0.427
7593,7593,7607.0,9927.0,464.0,,51    And,Nembus,1.633205,48.628213,54.3183,60.9,-112.42,16.0,3.59,-0.085,K3III,1.275,32.669331,14.886999,40.762548,2.341e-05,2.829e-05,-7.29e-06,0.427572059,0.848722428,2.95252e-07,-5.45028e-07,,51.0,And,1,7593,,94.18895965,,,
7736,7736,7751.0,10360.0,486.0,Gl 66B,,p Eridani,1.663169,-56.1964,7.8223,286.1,16.66,22.5,5.76,6.293,K0V,0.88,3.945945,1.835674,-6.500103,7.51e-06,1.546e-05,-1.877e-05,0.435416735,-0.980812209,1.38705e-06,8.077e-08,,,Eri,2,118084,Gl 66,0.264728074,,,
8183,8183,8198.0,10761.0,510.0,,110Omi Psc,Torcular,1.756564,9.157736,85.6898,70.82,38.99,14.0,4.26,-0.405,K0III,0.942,75.808974,37.546943,13.637807,-2.7e-06,3.149e-05,1.827e-05,0.459867349,0.159832641,3.43345e-07,1.89029e-07,Omi,110.0,Psc,1,8183,,126.4736347,,,
8628,8628,8645.0,11353.0,539.0,,55Zet Cet,Baten Kaitos,1.857676,-10.335038,72.0461,38.78,-38.04,9.0,3.74,-0.548,K2III,1.136,62.65906,33.12747,-12.925362,-4.3e-07,1.509e-05,-1.472e-05,0.486338411,-0.180380436,1.88011e-07,-1.84423e-07,Zet,55.0,Cet,1,8628,,144.2779623,,,
8777,8777,8796.0,11443.0,544.0,Gl 78.1,2Alp Tri,Mothallah,1.884696,29.578829,19.4175,12.02,-233.69,-16.2,3.42,1.979,F6IV,0.488,14.872602,7.99818,9.584806,-3.66e-06,-6.9e-07,-2.731e-05,0.493412346,0.516247959,5.82746e-08,-1.13296e-06,Alp,2.0,Tri,1,8777,,14.07343138,Alp,3.429,3.409
8813,8813,8832.0,11502.0,546.0,,5Gam2Ari,Mesarthim,1.89217,19.293852,50.3018,79.43,-99.1,-1.0,3.88,0.372,A1p Si,-0.047,41.769649,22.568336,16.620371,-3.03e-06,2.038e-05,-2.315e-05,0.495368913,0.336741238,3.85088e-07,-4.8045e-07,Gam-2,5.0,Ari,1,8813,,61.83010728,Gam,3.892,3.872
8867,8867,8886.0,11415.0,542.0,,45Eps Cas,Segin,1.906584,63.670101,126.2626,31.98,-18.66,-8.0,3.35,-2.156,B2pvar,-0.15,49.169644,26.806887,113.163436,-3.57e-06,2.035e-05,-1.24e-05,0.4991425,1.111252904,1.55043e-07,-9.04662e-08,Eps,45.0,Cas,1,8867,,634.4537958,,,
8884,8884,8903.0,11636.0,553.0,Gl 80,6Bet Ari,Sheratan,1.910668,20.808035,17.9856,96.32,-108.8,-4.0,2.64,1.365,A5V...,0.165,14.752622,8.063457,6.389157,-4.43e-06,7.15e-06,-1.032e-05,0.500211742,0.363168722,4.66973e-07,-5.27477e-07,Bet,6.0,Ari,1,8884,,24.77422058,,,
9467,9467,9487.0,12446.0,595.0,,113Alp Psc,Alrescha,2.034117,2.763759,46.1681,33.29,-0.42,9.0,3.82,0.498,A2,0.024,39.728779,23.413015,2.226137,4.14e-06,1.109e-05,3.5e-07,0.532530499,0.048236702,1.61394e-07,-2.03622e-09,Alp,113.0,Psc,1,9467,,55.05540985,Alp,3.832,3.812
9618,9618,9640.0,12533.0,603.0,,57Gam1And,Almach,2.064984,42.329725,120.4819,43.08,-50.85,-12.0,2.1,-3.305,B8V,1.37,76.368059,45.840864,81.131974,-3.58e-06,2.72e-05,-3.022e-05,0.540611677,0.738793067,2.08858e-07,-2.46528e-07,Gam-1,57.0,And,1,9618,,1828.100216,,,
9861,9861,9884.0,12929.0,617.0,Gl 84.3,13Alp Ari,Hamal,2.119555,23.462423,20.1776,190.73,-145.77,-14.4,2.01,0.486,K2III,1.151,15.731986,9.751722,8.03361,-1.649e-05,1.173e-05,-1.894e-05,0.554898131,0.409496533,9.24685e-07,-7.06713e-07,Alp,13.0,Ari,1,9861,,55.66727982,,,
11734,11734,11767.0,8890.0,424.0,,1Alp UMi,Polaris,2.52975,89.264109,132.626,44.22,-11.74,-17.0,1.97,-3.643,F7:Ib-IIv SB,0.636,1.3431,1.047629,132.614909,-1.171e-05,2.692e-05,-1.748e-05,0.662287075,1.557952613,2.14385e-07,-5.69171e-08,Alp,1.0,UMi,1,11734,,2495.743795,Alp,1.993,1.953
12082,12082,12114.0,16160.0,753.0,Gl 105A,,268 G. Cet,2.601357,6.88687,7.1803,1806.27,1442.5,26.0,5.79,6.509,K3V,0.918,5.538462,4.488223,0.861013,-2.374e-05,6.168e-05,5.304e-05,0.681033735,0.120198562,8.75704e-06,6.99344e-06,,,Cet,1,12082,Gl 105,0.216970155,,,
12673,12673,12706.0,16970.0,804.0,Gl 106.1A,86Gam Cet,Kaffaljidhma,2.721678,3.235818,24.4081,-146.43,-145.27,-5.1,3.47,1.532,A3V,0.093,18.440324,15.931398,1.377729,8.12e-06,-1.588e-05,-1.746e-05,0.71253351,0.056475686,-7.09913e-07,-7.04289e-07,Gam,86.0,Cet,1,12673,Gl 106.1,21.24222477,,,
13028,13028,13061.0,17361.0,824.0,,39    Ari,Lilii Borea,2.79848,29.247118,52.6039,148.42,-125.76,-15.0,4.52,0.915,K1III,1.112,34.120953,30.698125,25.701009,-2.362e-05,2.966e-05,-3.548e-05,0.732640352,0.510458508,7.1956e-07,-6.09702e-07,,39.0,Ari,1,13028,,37.49730022,,,
13176,13176,13209.0,17573.0,838.0,,41    Ari,Bharani,2.833063,27.260507,50.7872,65.47,-116.59,4.0,3.61,0.081,B8Vn,-0.1,33.287607,30.498162,23.26243,1.49e-06,2.322e-05,-2.364e-05,0.741694212,0.475785603,3.17408e-07,-5.65244e-07,,41.0,Ari,1,13176,,80.83510374,,,
13234,13234,13268.0,17506.0,834.0,,15Eta Per,Miram,2.844945,55.895496,269.5418,16.64,-13.76,-1.0,3.77,-3.383,K3Ib comp SB,1.69,111.116108,102.442422,223.184985,-4.21e-06,2.569e-05,-1.093e-05,0.744804891,0.975560442,8.0673e-08,-6.67104e-08,Eta,15.0,Per,1,13234,,1964.264646,,,
13254,13254,13288.0,17824.0,850.0,,2Tau2Eri,Angetenar,2.850645,-21.004019,57.3066,-39.0,-16.63,-9.0,4.76,0.969,K0III,0.906,39.279245,36.32166,-20.540573,-1.7e-07,-1.491e-05,-1.01e-06,0.746297199,-0.366589292,-1.89077e-07,-8.06245e-08,Tau-2,2.0,Eri,1,13254,,35.67795883,,,
13667,13667,13701.0,18322.0,874.0,,3Eta Eri,Azha,2.940458,-8.898144,41.8585,77.73,-219.99,-20.0,3.89,0.781,K1III-IV,1.088,29.694338,28.782724,-6.474577,-3.045e-05,-7.54e-06,-4.094e-05,0.769810125,-0.155301917,3.76846e-07,-1.06654e-06,Eta,3.0,Eri,1,13667,,42.42286549,,,
13813,13813,13847.0,18622.0,897.0,,The1Eri,Acamar,2.971023,-40.304672,49.4315,-53.53,25.71,12.0,2.88,-0.59,A4III+...,0.128,26.85749,26.453029,-31.974932,1.851e-05,2.3e-07,-3.24e-06,0.777812118,-0.703449236,-2.59521e-07,1.24646e-07,The-1,,Eri,1,13813,,149.9684836,,,
14100,14100,14135.0,18884.0,911.0,,92Alp Cet,Menkar,3.037992,4.089734,76.3942,-11.81,-78.76,-26.0,2.54,-1.875,M2III,1.63,53.342561,54.414384,5.448321,-1.399e-05,-2.052e-05,-3.099e-05,0.795344514,0.071379323,-5.72565e-08,-3.81839e-07,Alp,92.0,Cet,1,14100,,489.7788194,Alp,2.561,2.521
14540,14540,14576.0,19356.0,936.0,,26Bet Per,Algol,3.136148,40.955648,27.571,2.39,-1.44,4.0,2.09,-0.112,B8V,-0.003,14.189428,15.238793,18.072114,1.96e-06,2.57e-06,2.54e-06,0.821041501,0.714810898,1.1587e-08,-6.98132e-09,Bet,26.0,Per,1,14540,,96.56060985,Bet,2.213,2.073
14632,14632,14668.0,19476.0,941.0,,27Kap Per,Misam,3.158258,44.857544,34.5662,173.01,-142.05,29.0,3.79,1.097,K0III,0.98,16.593574,18.028979,24.381331,4.28e-06,4.746e-05,4.05e-06,0.826830097,0.78291183,8.38776e-07,-6.88678e-07,Kap,27.0,Per,1,14632,,31.71027439,,,
14802,14802,14838.0,19787.0,951.0,,57Del Ari,Botein,3.193822,19.726677,52.0291,154.61,-8.39,25.0,4.35,0.769,K2IIIvar,1.033,32.830084,36.343153,17.561644,-1.233e-05,4.453e-05,6.64e-06,0.836140688,0.34429547,7.4957e-07,-4.06759e-08,Del,57.0,Ari,1,14802,,42.894341,,,
14843,14843,14879.0,20010.0,963.0,Gl 127A,Alp For,Dalim,3.201249,-28.987618,14.2369,371.49,612.26,-20.0,3.8,3.033,F8V,0.543,8.329775,9.25728,-6.899408,-1.733e-05,1.907e-05,4.687e-05,0.838085047,-0.505929377,1.80103e-06,2.96832e-06,Alp,,For,1,14843,Gl 127,5.330893422,,,
15159,15159,15197.0,20320.0,984.0,,13Zet Eri,Zibal,3.263896,-8.81973,33.6474,-3.82,45.52,-4.0,4.8,2.165,A5m,0.232,21.831836,25.077889,-5.15902,-1.44e-06,-2.6e-06,7.96e-06,0.854485898,-0.153933325,-1.85199e-08,2.20687e-07,Zet,13.0,Eri,1,15159,,11.85768748,,,
15471,15471,15510.0,20794.0,1008.0,Gl 139,,82 G. Eri,3.331944,-43.069784,6.0434,3038.08,726.34,86.7,4.26,5.354,G8V,0.711,2.839238,3.381499,-4.127499,-1.715e-05,0.00011797,-4.501e-05,0.872300799,-0.751709536,1.4729e-05,3.5214e-06,,,Eri,1,15471,,0.628637088,,,
15824,15824,15863.0,20902.0,1017.0,,33Alp Per,Mirfak,3.405378,49.86118,155.2795,24.11,-26.01,-2.0,1.79,-4.166,F5Ib,0.481,62.885098,77.880689,118.708804,-5.55e-06,2.202e-05,-1.419e-05,0.891526004,0.870241752,1.16889e-07,-1.261e-07,Alp,33.0,Per,1,15824,,4040.173354,,,
16496,16496,16537.0,22049.0,1084.0,Gl 144,18Eps Eri,Ran,3.548848,-9.458262,3.2161,-976.44,17.97,16.9,3.72,6.183,K2V,0.881,1.89897,2.541426,-0.528523,2.243e-05,4.58e-06,-2.56e-06,0.929086175,-0.165077816,-4.73391e-06,8.7121e-08,Eps,18.0,Eri,1,16496,,0.292954383,Eps,3.735,3.715
17336,17336,17378.0,23249.0,1136.0,Gl 150,23Del Eri,Rana,3.720806,-9.763395,9.0408,-91.71,742.23,-5.1,3.52,3.739,K0IV,0.915,5.006502,7.370189,-1.533131,3.54e-06,-1.95e-06,3.294e-05,0.974104802,-0.170403382,-4.44623e-07,3.59843e-06,Del,23.0,Eri,1,17336,,2.782274658,Del,3.531,3.511
17406,17406,17448.0,23180.0,1131.0,,38Omi Per,Atik,3.738648,32.288248,343.6426,8.11,-10.32,19.0,3.84,-3.841,B1III,0.022,162.113525,241.065988,183.56674,3.08e-06,2.879e-05,-4.15e-06,0.978775637,0.563536239,3.93184e-08,-5.00328e-08,Omi,38.0,Per,1,17406,,2995.021884,Omi,3.862,3.822
17447,17447,17489.0,23288.0,1140.0,,16    Tau,Celaeno,3.746726,24.28947,115.6069,20.73,-44.0,3.0,5.45,0.135,B7IV,-0.034,58.617318,87.564472,47.554545,-2.46e-06,1.722e-05,-2.121e-05,0.980890615,0.423931227,1.00502e-07,-2.13318e-07,,16.0,Tau,1,17447,,76.91304403,,,
17457,17457,17499.0,23302.0,1142.0,,17    Tau,Electra,3.747927,24.113339,124.0695,21.55,-44.92,12.0,3.72,-1.748,B6III,-0.105,62.965631,94.124106,50.687766,1.59e-06,2.569e-05,-1.965e-05,0.981204912,0.420857162,1.04477e-07,-2.17778e-07,,17.0,Tau,1,17457,,435.7124805,,,
17489,17489,17531.0,23338.0,1145.0,,19    Tau,Taygeta,3.75347,24.467278,125.4705,19.35,-41.63,6.0,4.3,-1.193,B6V,-0.11,63.361504,95.01397,51.966577,-8.7e-07,1.99e-05,-2.051e-05,0.982656248,0.427034552,9.38114e-08,-2.01828e-07,,19.0,Tau,1,17489,,261.3364576,,,
17532,17532,17573.0,23408.0,1149.0,,20    Tau,Maia,3.763779,24.367748,117.5088,21.09,-45.03,8.0,3.87,-1.48,B8III,-0.063,59.14718,89.215057,48.48319,-5e-08,2.167e-05,-1.999e-05,0.985355109,0.425297442,1.02247e-07,-2.18312e-07,,20.0,Tau,1,17532,,340.4081897,,,
17537,17537,17579.0,23432.0,1151.0,,21    Tau,Asterope,3.765132,24.554511,114.0251,19.44,-45.36,9.0,5.76,0.475,B8V,-0.036,57.278032,86.462186,47.384166,1.42e-06,2.16e-05,-1.898e-05,0.985709251,0.428557063,9.42478e-08,-2.19911e-07,,21.0,Tau,1,17537,,56.23413252,,,
17566,17566,17608.0,23480.0,1156.0,,23    Tau,Merope,3.772104,23.948358,116.5501,21.17,-42.67,6.0,4.14,-1.193,B6IV,-0.051,58.663928,88.906234,47.309232,-1.51e-06,1.944e-05,-1.954e-05,0.987534391,0.417977703,1.02635e-07,-2.0687e-07,,23.0,Tau,1,17566,,261.3364576,V971,4.157,4.137
17661,17661,17702.0,23630.0,1165.0,,25Eta Tau,Alcyone,3.79141,24.105137,123.6094,19.35,-43.11,10.0,2.85,-2.61,B7III,-0.086,61.664507,94.489136,50.483636,1.16e-06,2.299e-05,-1.94e-05,0.992588775,0.420714009,9.38114e-08,-2.09003e-07,Eta,25.0,Tau,1,17661,,963.8290236,,,
17805,17805,17847.0,23850.0,1178.0,,27    Tau,Atlas,3.819373,24.053415,117.2333,17.77,-44.7,9.0,3.62,-1.725,B8III,-0.07,57.849417,90.077197,47.782936,1.64e-06,2.124e-05,-1.945e-05,0.99990942,0.419811296,8.61514e-08,-2.16712e-07,,27.0,Tau,1,17805,,426.5795188,,,
17809,17809,17851.0,23862.0,1180.0,,28    Tau,Pleione,3.819782,24.136712,117.096,18.71,-46.74,4.0,5.05,-0.293,B7p,-0.082,57.734463,89.91922,47.882552,-3e-08,1.3e-07,-2.1e-07,1.000016573,0.421265095,9.07086e-08,-2.26602e-07,,28.0,Tau,1,17809,,114.0775013,BU,5.071,5.031
18497,18497,18543.0,25025.0,1231.0,,34Gam Eri,Zaurak,3.967157,-13.508515,62.3441,60.51,-111.34,62.0,2.97,-1.004,M1IIIb Ca-1,1.588,30.760217,52.235828,-14.56308,1.154e-05,5.563e-05,-4.753e-05,1.038599284,-0.235768069,2.93361e-07,-5.39792e-07,Gam,34.0,Eri,1,18497,,219.5836501,Gam,3.0,2.95
18567,18567,18614.0,24912.0,1228.0,,46Xi  Per,Menkib,3.98275,35.791033,381.6794,1.92,2.3,70.0,3.98,-3.928,O7.5Iab:,0.016,156.01015,267.421217,223.218208,2.494e-05,4.98e-05,4.532e-05,1.04268157,0.624671361,9.30842e-09,1.11507e-08,Xi,46.0,Per,1,18567,,3244.890157,Xi,3.99,3.97
19538,19538,19587.0,26574.0,1298.0,,38Omi1Eri,Beid,4.197761,-6.837581,37.3134,11.92,81.28,11.0,4.04,1.181,F2II-III,0.327,16.838836,33.000244,-4.442368,3.95e-06,1.249e-05,1.326e-05,1.098971298,-0.119338303,5.77898e-08,3.94057e-07,Omi-1,38.0,Eri,1,19538,,29.34945222,Omi-1,4.062,4.022
19799,19799,19849.0,26965.0,1325.0,Gl 166A,40Omi2Eri,Keid,4.254537,-7.652871,4.9845,-2239.33,-3419.86,-42.7,4.43,5.942,K1V,0.82,2.179524,4.432894,-0.66374,2.462e-05,-7.258e-05,-7.609e-05,1.113835082,-0.133567789,-1.08566e-05,-1.65799e-05,Omi-2,40.0,Eri,1,19799,Gl 166,0.365763193,,,
20155,20155,20205.0,27371.0,1346.0,,54Gam Tau,Prima Hyadum,4.329889,15.627642,49.5295,115.29,-23.86,39.0,3.65,0.176,G8III,0.981,20.197375,43.211662,13.342572,-8.16e-06,4.792e-05,5.23e-06,1.133562341,0.272753812,5.58942e-07,-1.15677e-07,Gam,54.0,Tau,1,20155,,74.06277837,,,
20405,20405,20455.0,27697.0,1373.0,,61Del1Tau,Secunda Hyadum,4.382247,17.542514,47.7099,107.75,-28.84,39.0,3.77,0.377,G8III,0.983,18.695965,41.472036,14.380508,-6.26e-06,4.675e-05,5.66e-06,1.147269651,0.306174631,5.22387e-07,-1.3982e-07,Del-1,61.0,Tau,1,20405,,61.54602374,,,
20483,20483,20535.0,28028.0,1393.0,,43    Eri,Beemim,4.400613,-34.016846,90.8265,73.77,57.57,24.0,3.97,-0.821,K4III,1.468,30.609599,68.780131,-50.811792,-1.564e-05,4.475e-05,7.28e-06,1.152077901,-0.59370597,3.57647e-07,2.79107e-07,,43.0,Eri,1,20483,,185.5239576,,,
20837,20837,20889.0,28305.0,1409.0,,74Eps Tau,Ain,4.476943,19.180431,44.964,107.23,-36.77,39.0,3.53,0.266,K0III,1.014,16.488448,39.136798,14.772771,-5.89e-06,4.622e-05,5.53e-06,1.17206101,0.334761681,5.19866e-07,-1.78266e-07,Eps,74.0,Tau,1,20837,,68.17105263,,,
20842,20842,20894.0,28319.0,1412.0,,78The2Tau,Chamukuy,4.477705,15.870883,46.1042,108.66,-26.39,40.0,3.4,0.081,A7III,0.179,17.209733,40.871602,12.608233,-6.49e-06,4.718e-05,5.51e-06,1.172260446,0.276999157,5.26799e-07,-1.27942e-07,The-2,78.0,Tau,1,20842,,80.83510374,The-2,3.411,3.391
21340,21340,21393.0,29291.0,1464.0,,52Ups2Eri,Theemin,4.592512,-30.562341,65.5738,-48.92,-12.75,-4.0,3.81,-0.274,G8III,0.957,20.338212,52.67393,-33.342657,1.25e-05,-1.081e-05,-1.41e-06,1.202316824,-0.533413485,-2.37171e-07,-6.18137e-08,Ups-2,52.0,Eri,1,21340,,112.0985513,,,
21368,21368,21421.0,29139.0,1457.0,Gl 171.1A,87Alp Tau,Aldebaran,4.598677,16.509301,20.4332,62.78,-189.36,54.5,0.87,-0.682,K5III,1.538,7.02722,18.287604,5.806661,1.528e-05,5.709e-05,-2.14e-06,1.203930811,0.288141666,3.04366e-07,-9.18043e-07,Alp,87.0,Tau,1,21368,Gl 171.1,163.2300073,Alp,0.888,0.858
21541,21541,21594.0,29503.0,1481.0,GJ 9160A,53    Eri,Sceptrum,4.63634,-14.30402,33.6814,-77.86,-178.06,41.8,3.86,1.223,K1III,1.082,11.405856,30.579706,-8.321655,2.388e-05,2.764e-05,-3.873e-05,1.21379108,-0.249652241,-3.77476e-07,-8.63259e-07,,53.0,Eri,1,21541,GJ 9160,28.23579369,,,
22396,22396,22449.0,30652.0,1543.0,Gl 178,1Pi 3Ori,Tabit,4.830669,6.961276,8.0684,463.44,11.62,24.4,3.19,3.656,F6V,0.484,2.413721,7.63677,0.977904,-9.83e-06,2.903e-05,3.48e-06,1.264666197,0.12149718,2.24682e-06,5.63353e-08,Pi-3,1.0,Ori,1,22396,,3.003308879,,,
22961,22961,23015.0,31398.0,1577.0,,3Iot Aur,Hassaleh,4.949894,33.16609,151.2859,3.63,-18.54,18.0,2.69,-3.209,K3IIvar,1.49,34.378539,121.884168,82.763748,3.64e-06,2.271e-05,-1.31e-06,1.295879211,0.578857475,1.75987e-08,-8.98845e-08,Iot,3.0,Aur,1,22961,,1673.400907,,,
23361,23361,23416.0,31964.0,1605.0,,7Eps Aur,Almaaz,5.032815,43.823308,653.5948,0.18,-2.31,-3.0,3.03,-6.047,F0Ia,0.537,118.129799,456.518488,452.57303,1.6e-07,2.91e-06,-7.41e-06,1.317587892,0.764861019,8.72665e-10,-1.11992e-08,Eps,7.0,Aur,1,23361,,22845.46489,Eps,3.085,2.935
23398,23398,23453.0,32068.0,1612.0,,8Zet Aur,Saclateni,5.041301,41.075837,240.9639,8.88,-21.43,13.0,3.69,-3.22,K4II comp,1.154,45.114162,175.957014,158.327189,-3.47e-06,2.822e-05,-1.013e-05,1.319809631,0.716908605,4.30515e-08,-1.03896e-07,Zet,8.0,Aur,1,23398,,1690.440932,Zet,3.716,3.676
23712,23712,23767.0,32630.0,1641.0,,10Eta Aur,Haedus,5.10858,41.234474,74.6269,30.6,-68.41,7.0,3.18,-1.184,B3V,-0.148,12.978524,54.599524,49.18977,-5.75e-06,2.367e-05,-1.389e-05,1.337423033,0.719677343,1.48353e-07,-3.31661e-07,Eta,10.0,Aur,1,23712,,259.1791135,,,
23820,23820,23875.0,33111.0,1666.0,GJ 9175,67Bet Eri,Cursa,5.130829,-5.086446,27.3973,-83.39,-75.44,-9.2,2.78,0.591,A3IIIvar,0.161,6.156194,26.585876,-2.429001,8.48e-06,-1.249e-05,-9.15e-06,1.343247953,-0.088775232,-4.04286e-07,-3.65743e-07,Bet,67.0,Eri,1,23820,,50.53589948,,,
24378,24378,24436.0,34085.0,1713.0,,19Bet Ori,Rigel,5.242298,-8.20164,264.5503,1.87,-0.56,21.0,0.18,-6.933,B8Ia,-0.03,51.601106,256.709905,-37.740051,1.82e-06,2.121e-05,-3.77e-06,1.372430369,-0.143145631,9.06602e-09,-2.71496e-09,Bet,19.0,Ori,1,24378,,51665.42426,,,
24549,24549,24608.0,34029.0,1708.0,Gl 194A,13Alp Aur,Capella,5.27815,45.997991,13.1234,75.52,-427.13,22.2,0.08,-0.51,M1: comp,0.795,1.712633,8.954439,9.440007,1.92e-06,3.559e-05,-2.54e-06,1.381816413,0.802816393,3.66131e-07,-2.07078e-06,Alp,13.0,Aur,1,24549,Gl 194,139.3156803,,,
25273,25273,25336.0,35468.0,1790.0,,24Gam Ori,Bellatrix,5.418851,6.349702,77.3994,-8.75,-13.28,18.0,1.64,-2.804,B2III,-0.224,11.658576,76.036136,8.56012,6.1e-06,1.813e-05,-2.92e-06,1.418651834,0.11082321,-4.24212e-08,-6.43833e-08,Gam,24.0,Ori,1,25273,,1152.391377,,,
25364,25364,25428.0,35497.0,1791.0,,112Bet Tau,Elnath,5.438198,28.60745,41.0509,23.28,-174.22,9.0,1.65,-1.417,B7III,-0.13,5.281578,35.6504,19.655456,-9.7e-07,2.509e-05,-2.603e-05,1.423716809,0.499294192,1.12865e-07,-8.44642e-07,Bet,112.0,Tau,1,25364,,321.2180934,,,
25542,25542,25606.0,36079.0,1829.0,,9Bet Lep,Nihal,5.470756,-20.759441,49.1642,-5.03,-85.92,-14.0,2.81,-0.648,G5II,0.807,6.349344,45.531613,-17.425966,-1.66e-06,-2.061e-05,-1.407e-05,1.432240699,-0.362320595,-2.43861e-08,-4.16552e-07,Bet,9.0,Lep,1,25542,,158.1976399,,,
25865,25865,25930.0,36486.0,1852.0,,34Del Ori,Mintaka,5.533445,-0.299092,212.3142,1.67,0.56,16.0,2.25,-4.385,O9.5II,-0.175,25.868117,210.729667,-1.108306,2.9e-07,1.645e-05,4.9e-07,1.448652417,-0.00522014,8.09639e-09,2.71496e-09,Del,34.0,Ori,1,25865,,4943.10687,Del,2.334,2.234
25920,25920,25985.0,36673.0,1865.0,,11Alp Lep,Arneb,5.545504,-17.822289,680.2721,3.27,1.54,24.0,2.58,-6.583,F0Ib,0.211,76.877195,643.047236,-208.208,-7.75e-06,2.603e-05,-2.68e-06,1.451809652,-0.311057615,1.58534e-08,7.46613e-09,Alp,11.0,Lep,1,25920,,37428.29122,,,
26142,26142,26207.0,36861.0,1879.0,,39Lam Ori,Meissa,5.585633,9.934158,336.7003,-1.03,-1.86,34.0,3.39,-4.246,O...,-0.16,35.907504,329.702779,58.086365,5.44e-06,3.439e-05,3.01e-06,1.462315173,0.173383772,-4.99358e-09,-9.01753e-09,Lam,39.0,Ori,1,26142,,4349.106072,,,
26176,26176,26241.0,37043.0,1899.0,,44Iot Ori,Hatysa,5.590551,-5.909901,714.2857,2.27,-0.62,22.0,2.75,-6.519,O9III,-0.21,76.014147,706.411475,-73.54604,-5.44e-06,2.287e-05,-4.45e-06,1.463602742,-0.103147236,1.10053e-08,-3.00584e-09,Iot,44.0,Ori,1,26176,,35285.80258,,,
26246,26246,26311.0,37128.0,1903.0,,46Eps Ori,Alnilam,5.603559,-1.20192,606.0606,1.49,-1.06,26.0,1.69,-7.223,B0Ia,-0.184,62.775122,602.66691,-12.712683,-1.61e-06,2.683e-05,-3.67e-06,1.467008387,-0.020977458,7.22372e-09,-5.13903e-09,Eps,46.0,Ori,1,26246,,67483.87309,Eps,1.717,1.667
26386,26386,26451.0,37202.0,1910.0,,123Zet Tau,Tianguan,5.627413,21.142549,136.4256,2.39,-18.04,20.0,2.97,-2.704,B4IIIp,-0.148,12.391949,126.637551,49.207351,7e-07,2.342e-05,-3.75e-06,1.473253191,0.369007094,1.1587e-08,-8.74604e-08,Zet,123.0,Tau,1,26386,,1050.993427,Zet,3.032,2.902
26569,26569,26634.0,37795.0,1956.0,,Alp Col,Phact,5.660817,-34.074108,80.1282,-0.1,-24.05,35.0,2.65,-1.869,B7IV,-0.12,5.885917,66.110037,-44.89318,2.2e-06,2.432e-05,-2.779e-05,1.481998327,-0.594705371,-4.84814e-10,-1.16598e-07,Alp,,Col,1,26569,,487.0796665,,,
26662,26662,26727.0,37742.0,1948.0,,50Zet Ori,Alnitak,5.679313,-1.942572,225.7336,3.99,2.54,18.0,1.74,-5.028,O9.5Ib SB,-0.199,18.918488,224.809409,-7.651875,-2.8e-06,1.879e-05,2.15e-06,1.486840687,-0.033904281,1.93441e-08,1.23143e-08,Zet,50.0,Ori,1,26662,,8937.169609,,,
27298,27298,27366.0,38771.0,2004.0,,53Kap Ori,Saiph,5.795941,-9.669605,198.4127,1.55,-1.2,21.0,2.07,-4.418,B0.5Iavar,-0.168,10.444137,195.314937,-33.326707,-3.7e-07,2.103e-05,-4.75e-06,1.517373893,-0.16876644,7.51461e-09,-5.81776e-09,Kap,53.0,Ori,1,27298,,5095.654806,,,
27559,27559,27628.0,39425.0,2040.0,,Bet Col,Wazn,5.849329,-35.768309,26.7308,55.74,404.68,89.0,3.12,0.985,K1.5III,1.146,0.855327,21.672805,-15.624858,-3.1e-06,0.00010471,-1.066e-05,1.531350815,-0.624274753,2.70235e-07,1.96194e-06,Bet,,Col,1,27559,,35.15604405,,,
27919,27919,27989.0,39801.0,2061.0,,58Alp Ori,Betelgeuse,5.919529,7.407063,152.6718,27.33,10.86,21.0,0.45,-5.469,M2Ib,1.5,3.189296,151.364387,19.682142,-1.98e-05,2.068e-05,1.074e-05,1.549729118,0.129277632,1.325e-07,5.26508e-08,Alp,58.0,Ori,1,27919,,13415.28798,Alp,0.571,0.281
28288,28288,28360.0,40183.0,2088.0,GJ 3375,34Bet Aur,Menkalinan,5.992149,44.947433,24.8694,-56.41,-0.88,-19.4,1.9,-0.078,A2V,0.077,0.036195,17.601288,17.569058,6.77e-06,-1.398e-05,-1.409e-05,1.568740945,0.784480691,-2.73483e-07,-4.26636e-09,Bet,34.0,Aur,1,28288,,93.58365436,Bet,1.967,1.897
28309,28309,28380.0,40312.0,2095.0,,37The Aur,Mahasim,5.995351,37.212585,50.7614,42.09,-73.61,30.0,2.65,-0.878,A0p Si,-0.083,0.049188,40.426416,30.69934,-1.031e-05,3.54e-05,4.13e-06,1.569579154,0.649482133,2.04058e-07,-3.56871e-07,The,37.0,Aur,1,28309,,195.523967,The,2.66,2.63
28962,28962,29034.0,42167.0,2177.0,,The Col,Elkurud,6.125453,-37.25292,221.2389,0.9,0.3,45.0,5.0,-1.724,B8:IV,-0.095,-5.782732,176.005131,-133.923795,-2.17e-06,3.678e-05,-2.76e-05,1.603639975,-0.650186116,4.36332e-09,1.45444e-09,The,,Col,1,28962,,426.1868054,,,
29582,29582,29655.0,42995.0,2216.0,,7Eta Gem,Propus,6.247961,22.506799,117.9245,-62.53,-10.24,19.0,3.31,-2.048,M3III,1.6,-7.067151,108.713368,45.140745,3.436e-05,2.247e-05,2.03e-06,1.635712406,0.392817744,-3.03154e-07,-4.96449e-08,Eta,7.0,Gem,1,29582,,574.3809135,Eta,3.446,3.216
30049,30049,30122.0,44402.0,2282.0,,1Zet CMa,Furud,6.338553,-30.063367,111.1111,8.0,3.81,32.0,3.02,-2.209,B2.5V,-0.16,-8.512138,95.786306,-55.662081,-6.89e-06,2.886e-05,-1.462e-05,1.659429365,-0.524704742,3.87851e-08,1.84714e-08,Zet,1.0,CMa,1,30049,,666.1929002,,,
30251,30251,30324.0,44743.0,2294.0,,2Bet CMa,Mirzam,6.378329,-17.955918,151.0574,-3.45,-0.47,34.0,1.98,-3.916,B1II/III,-0.24,-14.209731,142.995999,-46.568852,-7.5e-07,3.306e-05,-1.105e-05,1.669842696,-0.313389884,-1.67261e-08,-2.27862e-09,Bet,2.0,CMa,1,30251,,3209.223768,Bet,1.999,1.969
30270,30270,30343.0,44478.0,2286.0,,13Mu  Gem,Tejat,6.382673,22.513586,71.0227,56.84,-108.79,55.0,2.87,-1.387,M3IIIvar,1.621,-6.562116,65.281443,27.194957,-2.61e-05,6.402e-05,-1.306e-05,1.670979989,0.392936199,2.75568e-07,-5.27429e-07,Mu,13.0,Gem,1,30270,,312.4640086,Mu,2.946,2.826
30365,30365,30438.0,45348.0,2326.0,,Alp Car,Canopus,6.399195,-52.69566,94.7867,19.99,23.67,21.0,-0.62,-5.504,F0Ib,0.164,-5.992679,57.132034,-75.396105,-1.14e-05,2.059e-05,-1.049e-05,1.675305352,-0.919712775,9.69143e-08,1.14755e-07,Alp,,Car,1,30365,,13854.79168,,-0.547,-0.667
31601,31601,31681.0,47105.0,2421.0,,24Gam Gem,Alhena,6.628528,16.399252,33.5121,-2.04,-66.92,-13.0,1.93,-0.696,A0IV,0.001,-5.266162,31.714389,9.461403,1.91e-06,-9.5e-06,-1.418e-05,1.735344593,0.286220944,-9.8902e-09,-3.24437e-07,Gam,24.0,Gem,1,31601,,165.3484012,,,
32161,32161,32246.0,48329.0,2473.0,,27Eps Gem,Mebsuta,6.732202,25.131124,259.0674,-5.93,-12.81,10.0,3.06,-4.007,A3mA6-A9,1.377,-44.684834,230.247724,110.023705,4.25e-06,1.722e-05,-1.022e-05,1.762486296,0.438620861,-2.87495e-08,-6.21046e-08,Eps,27.0,Gem,1,32161,,3489.795674,,,
32263,32263,32349.0,48915.0,2491.0,Gl 244A,9Alp CMa,Sirius,6.752481,-16.716116,2.6371,-546.01,-1223.08,-9.4,-1.44,1.454,A0m...,0.009,-0.494323,2.476731,-0.758485,9.53e-06,-1.207e-05,-1.221e-05,1.76779537,-0.291751259,-2.64713e-06,-5.92966e-06,Alp,9.0,CMa,1,32263,Gl 244,22.82443312,,-1.333,-1.523
32276,32276,32362.0,48737.0,2484.0,Gl 242,31Xi  Gem,Alzirr,6.754824,12.895591,17.9986,-115.16,-190.91,30.0,3.35,2.074,F5IV,0.443,-3.444569,17.203451,4.0169,3.25e-06,3.494e-05,-9.39e-06,1.768408783,0.225070523,-5.58311e-07,-9.25558e-07,Xi,31.0,Gem,1,32276,,12.8943662,,,
33492,33492,33579.0,52089.0,2618.0,,21Eps CMa,Adhara,6.977097,-28.972084,124.2236,2.63,2.29,27.0,1.5,-3.971,B2II,-0.211,-27.497987,105.141608,-60.171969,-7.81e-06,2.362e-05,-1.217e-05,1.826599649,-0.505658252,1.27506e-08,1.11022e-08,Eps,21.0,CMa,1,33492,,3375.981049,,,
33769,33769,33856.0,52877.0,2646.0,,22Sig CMa,Nganurganity,7.028652,-27.93483,343.6426,-6.01,4.64,22.0,3.49,-4.191,K4III,1.729,-80.775471,292.659236,-160.9853,3.4e-06,2.532e-05,-3.71e-06,1.84009686,-0.487554765,-2.91373e-08,2.24954e-08,Sig,22.0,CMa,1,33769,,4134.28108,Sig,3.546,3.446
33956,33956,34045.0,53244.0,2657.0,,23Gam CMa,Muliphein,7.062637,-15.633286,135.5014,-0.81,-11.2,32.0,4.11,-1.55,B8II,-0.112,-35.835279,125.471916,-36.514903,-7.6e-06,2.854e-05,-1.59e-05,1.848994004,-0.272852312,-3.92699e-09,-5.42991e-08,Gam,23.0,CMa,1,33956,,363.0780548,,,
34000,34000,34088.0,52973.0,2650.0,,43Zet Gem,Mekbuda,7.068481,20.570297,421.9409,-5.72,-0.96,7.0,4.01,-4.116,G3Ibv SB,0.899,-109.067807,379.683873,148.25163,9.2e-06,1.034e-05,6.8e-07,1.850524028,0.359019411,-2.77313e-08,-4.65421e-09,Zet,43.0,Gem,1,34000,,3858.335599,Zet,4.172,3.702
34354,34354,34444.0,54605.0,2693.0,,25Del CMa,Wezen,7.139857,-26.3932,492.6108,-2.75,3.33,34.0,1.83,-6.633,F8Ia,0.671,-129.733458,421.761488,-218.979855,-3.92e-06,3.508e-05,-8.33e-06,1.869210132,-0.460648234,-1.33324e-08,1.61443e-08,Del,25.0,CMa,1,34354,,39192.23225,,,
35453,35453,35550.0,56986.0,2777.0,Gl 271A,55Del Gem,Wasat,7.335383,21.98232,18.5391,-18.72,-7.76,-15.3,3.5,2.16,F0IV...,0.374,-5.888392,16.151258,6.939513,6.46e-06,-1.281e-05,-6.5e-06,1.920398746,0.38366387,-9.07571e-08,-3.76215e-08,Del,55.0,Gem,1,35453,Gl 271,11.91242008,,,
35806,35806,35904.0,58350.0,2827.0,,31Eta CMa,Aludra,7.401584,-29.303104,609.7561,-3.76,6.66,41.0,2.45,-6.476,B5Ia,-0.083,-190.762166,496.337122,-298.432917,-6.2e-06,4.711e-05,-3.36e-06,1.937730188,-0.511435637,-1.8229e-08,3.22886e-08,Eta,31.0,CMa,1,35806,,33915.63869,Eta,2.509,2.409
36087,36087,36188.0,58715.0,2845.0,,3Bet CMi,Gomeisa,7.452512,8.289315,49.5786,-50.28,-38.45,22.0,2.89,-0.586,B8Vvar,-0.097,-18.209817,45.556204,7.147858,2.46e-06,2.64e-05,-5.9e-06,1.951063059,0.144675847,-2.43764e-07,-1.86411e-07,Bet,3.0,CMi,1,36087,,149.4169957,Bet,2.896,2.876
36744,36744,36850.0,60179.0,2891.0,Gl 278A,66Alp Gem,Castor,7.576634,31.888276,15.5958,-206.33,-148.18,6.0,1.58,0.615,A2Vm,0.034,-5.311938,12.130011,8.238737,9.83e-06,1.645e-05,-6.27e-06,1.98355827,0.556555413,-1.00032e-06,-7.18397e-07,Alp,66.0,Gem,1,36744,Gl 278,49.4310687,,,
37159,37159,37265.0,61110.0,2930.0,,71Omi Gem,Jishui,7.65276,34.584346,50.9944,-35.97,-118.03,7.0,4.89,1.352,F3III,0.413,-17.604251,38.11415,28.945417,-1.34e-06,2.411e-05,-1.996e-05,2.003487836,0.603610706,-1.74387e-07,-5.72226e-07,Omi,71.0,Gem,1,37159,,25.07263625,,,
37173,37173,37279.0,61421.0,2943.0,Gl 280A,10Alp CMi,Procyon,7.655033,5.224993,3.5142,-716.57,-1034.58,-4.0,0.4,2.671,F5IV-V,0.432,-1.469312,3.17617,0.320024,1.212e-05,2.89e-06,-1.792e-05,2.004083041,0.091193332,-3.47403e-06,-5.01579e-06,Alp,10.0,CMi,1,37173,Gl 280,7.440463662,,,
37718,37718,37826.0,62509.0,2990.0,Gl 286,78Bet Gem,Pollux,7.755277,28.026199,10.3584,-625.69,-45.95,3.6,1.16,1.084,K0IIIvar,0.991,-4.055465,8.19518,4.867171,2.624e-05,1.782e-05,-3.1e-07,2.030326887,0.489149442,-3.03343e-06,-2.22772e-07,Bet,78.0,Gem,1,37718,,32.09223768,,,
38062,38062,38170.0,63700.0,3045.0,,7Xi  Pup,Azmidi,7.821571,-24.859786,367.6471,-5.56,-0.71,3.0,3.34,-4.487,G6Ia,1.218,-153.118527,296.362603,-154.558514,7.77e-06,6.55e-06,-2.44e-06,2.047682488,-0.433885111,-2.69556e-08,-3.44218e-09,Xi,7.0,Pup,1,38062,,5430.002131,,,
39318,39318,39429.0,66811.0,3165.0,,Zet Pup,Naos,8.059737,-40.003148,332.2259,-30.82,16.77,-24.0,2.21,-5.397,O5IAf,-0.269,-130.674899,218.376203,-213.564535,4.333e-05,2.425e-05,3.647e-05,2.110034133,-0.698186638,-1.4942e-07,8.13033e-08,Zet,,Pup,1,39318,,12554.51674,Zet,2.224,2.194
39644,39644,39757.0,67523.0,3185.0,,15Rho Pup,Tureis,8.125737,-24.304324,19.4818,-83.29,46.38,46.0,2.83,1.382,F2mF5IIp,0.458,-9.379037,15.076242,-8.018549,-1.692e-05,4.209e-05,-1.537e-05,2.127312994,-0.424190476,-4.03801e-07,2.24857e-07,Rho,15.0,Pup,1,39644,,24.3893373,Rho,2.875,2.775
40054,40054,40167.0,68255.0,3210.0,,16Zet2Cnc,Tegmine,8.203535,17.647771,25.0815,28.29,-150.94,-11.0,4.67,2.673,G0V,0.531,-13.035978,20.033032,7.603791,-7e-08,-6.2e-06,-2.09e-05,2.147680389,0.308011703,1.37154e-07,-7.31778e-07,Zet-2,16.0,Cnc,1,40054,,7.426770437,,,
40411,40411,40526.0,69267.0,3249.0,,17Bet Cnc,Tarf,8.275256,9.185545,93.0233,-46.8,-48.65,22.0,3.53,-1.313,K4III,1.481,-51.522087,76.015371,14.84954,3.04e-06,3.313e-05,-1.807e-05,2.166456904,0.160317998,-2.26893e-07,-2.35862e-07,Bet,17.0,Cnc,1,40411,,291.8770848,,,
40766,40766,40881.0,70011.0,3268.0,,19Lam Cnc,Piautos,8.34226,24.022314,140.2525,-20.67,-17.84,23.0,5.92,0.185,B9.5V,-0.039,-73.723045,104.765465,57.095809,-3.71e-06,2.97e-05,-1.5e-06,2.183998647,0.419268466,-1.00211e-07,-8.64908e-08,Lam,19.0,Cnc,1,40766,,73.45138682,,,
40921,40921,41037.0,71129.0,3307.0,,Eps Car,Avior,8.375236,-59.509483,185.5288,-25.34,22.72,2.0,1.86,-4.482,K3III+B2V,1.196,-54.83708,76.515238,-159.872623,7.66e-06,2.843e-05,8.61e-06,2.192631676,-1.038636414,-1.22852e-07,1.1015e-07,Eps,,Car,1,40921,,5405.053537,,,
40959,40959,41075.0,70272.0,3275.0,,31    Lyn,Alsciaukat,8.380588,43.188131,117.2333,-25.62,-99.44,24.0,4.25,-1.095,K5III,1.55,-49.889521,69.406143,80.234157,-2.12e-05,5.444e-05,-2.441e-05,2.194032684,0.753775076,-1.24209e-07,-4.82099e-07,,31.0,Lyn,1,40959,,238.7811283,BN,4.265,4.235
41586,41586,41704.0,71369.0,3323.0,,1Omi UMa,Muscida,8.504431,60.718169,54.9149,-134.31,-107.73,20.0,3.35,-0.348,G4II-III,0.856,-16.37548,21.290022,47.898272,6.99e-06,4.956e-05,3.81e-06,2.226454841,1.059731968,-6.51153e-07,-5.2229e-07,Omi,1.0,UMa,1,41586,,120.005182,,,
42283,42283,42402.0,73471.0,3418.0,,5Sig Hya,Minchir,8.645955,3.341435,114.2857,-19.03,-16.29,25.0,4.45,-0.84,K2III,1.216,-72.861703,87.795627,6.661268,-8.52e-06,2.678e-05,-7.52e-06,2.263505699,0.058319045,-9.226e-08,-7.89761e-08,Sig,5.0,Hya,1,42283,,188.7991349,,,
42687,42687,42806.0,74198.0,3449.0,,43Gam Cnc,Asellus Borealis,8.721431,21.468501,55.5556,-106.94,-39.25,29.0,4.66,0.936,A1IV,0.01,-33.797361,39.125009,20.33287,1.22e-06,4.264e-05,1.02e-06,2.283265228,0.374696022,-5.1846e-07,-1.90289e-07,Gam,43.0,Cnc,1,42687,,36.77900704,,,
42792,42792,42911.0,74442.0,3461.0,,47Del Cnc,Asellus Australis,8.74475,18.154309,40.032,-17.1,-228.46,17.0,3.94,0.928,K0III,1.083,-25.041776,28.63397,12.473108,-1.747e-05,2.502e-05,-3.671e-05,2.289370201,0.316852459,-8.29031e-08,-1.10761e-06,Del,47.0,Cnc,1,42792,,37.05100563,,,
42794,42794,42913.0,74956.0,3485.0,Gl 321.3A,Del Vel,Alsephina,8.745059,-54.708821,24.6975,28.78,-104.14,2.2,1.93,-0.033,A1V,0.043,-9.394033,10.739813,-20.158771,3.25e-06,-8.95e-06,-9.04e-06,2.289451211,-0.954849057,1.39529e-07,-5.04885e-07,Del,,Vel,1,42794,Gl 321.3,89.78421709,Del,1.939,1.929
42990,42990,43109.0,74874.0,3482.0,,11Eps Hya,Ashlesha,8.779587,6.418809,39.6354,-231.04,-40.17,36.0,3.38,0.39,G0III-IV,0.685,-26.198413,29.410867,4.431082,8.24e-06,5.749e-05,-3.55e-06,2.298490371,0.112029355,-1.12011e-06,-1.9475e-07,Eps,11.0,Hya,1,42990,,60.81350013,Eps,3.39,3.37
43464,43464,43587.0,75732.0,3522.0,Gl 324A,55Rho1Cnc,Copernicus,8.876625,28.330819,12.3411,-485.48,-234.4,27.2,5.96,5.503,G8V,0.869,-7.429298,7.925466,5.85673,-1.1e-07,4.258e-05,8.6e-07,2.323894965,0.494466065,-2.35367e-06,-1.1364e-06,Rho-1,55.0,Cnc,1,43464,Gl 324,0.548024532,,,
43939,43939,44066.0,76756.0,3572.0,,65Alp Cnc,Acubens,8.974784,11.857701,57.7367,41.45,-29.22,-14.0,4.26,0.453,A5m,0.141,-39.690103,40.217629,11.863811,4e-07,-1.693e-05,-1.095e-05,2.349592861,0.206955922,2.00955e-07,-1.41663e-07,Alp,65.0,Cnc,1,43939,,57.38521327,,,
44000,44000,44127.0,76644.0,3569.0,Gl 331A,9Iot UMa,Talitha,8.986828,48.041826,14.5096,-441.12,-215.21,9.0,3.12,2.312,A7IV,0.223,-6.835882,6.883318,10.789878,9.75e-06,3.422e-05,-3.28e-06,2.35274611,0.83848805,-2.13861e-06,-1.04337e-06,Iot,9.0,UMa,1,44000,Gl 331,10.35618977,,,
44343,44343,44471.0,77327.0,3594.0,,12Kap UMa,Alkaphrah,9.060427,47.156525,109.8901,-37.37,-55.39,4.0,3.57,-1.635,A1Vn,0.007,-53.667801,51.996165,80.572997,-3.68e-06,3.129e-05,-1.707e-05,2.372014222,0.823036618,-1.81175e-07,-2.68538e-07,Kap,12.0,UMa,1,44343,,392.6449354,,,
44689,44689,44816.0,78647.0,3634.0,,Lam Vel,Suhail,9.133268,-43.432589,166.9449,-23.21,14.28,18.0,2.23,-3.883,K4Ib-II,1.665,-88.662596,82.682121,-114.774841,-2.78e-06,2.827e-05,-4.26e-06,2.391083876,-0.758041685,-1.12525e-07,6.92314e-08,Lam,,Vel,1,44689,,3113.149665,Lam,2.272,2.182
44819,44819,44946.0,78515.0,3627.0,,77Xi  Cnc,Nahn,9.155982,22.045446,114.4165,-0.48,-0.7,-7.0,5.16,-0.132,K0III,0.97,-77.988303,71.865489,42.945282,4.95e-06,-4.2e-06,-3.05e-06,2.397030365,0.384765609,-2.32711e-09,-3.3937e-09,Xi,77.0,Cnc,1,44819,,98.35580562,,,
45106,45106,45238.0,80007.0,3685.0,,Bet Car,Miaplacidus,9.220041,-69.717208,34.6981,-157.66,108.91,-5.0,1.67,-1.032,A2IV,0.07,-8.980712,8.001552,-32.546536,6.13e-06,3.005e-05,1.115e-05,2.413801173,-1.216794819,-7.64357e-07,5.28011e-07,Bet,,Car,1,45106,,225.3201336,,,
45425,45425,45556.0,80404.0,3699.0,,Iot Car,Aspidiske,9.284838,-59.275229,234.7418,-19.03,13.11,13.0,2.21,-4.643,A8Ib,0.189,-90.887872,78.251756,-201.791538,-7.4e-07,2.921e-05,-3.81e-06,2.430764937,-1.034547914,-9.226e-08,6.35591e-08,Iot,,Car,1,45425,,6269.024975,,,
45809,45809,45941.0,81188.0,3734.0,,Kap Vel,Markeb,9.368562,-55.010668,175.4386,-10.72,11.24,22.0,2.47,-3.751,B2IV,-0.141,-77.65777,63.951481,-143.729782,-1.021e-05,2.022e-05,-1.295e-05,2.452683775,-0.960117278,-5.1972e-08,5.44931e-08,Kap,,Vel,1,45809,,2756.76661,,,
46259,46259,46390.0,81797.0,3748.0,,30Alp Hya,Alphard,9.45979,-8.658603,55.2792,-14.49,33.25,-4.0,1.99,-1.723,K3III,1.44,-43.003468,33.722848,-8.322089,4.52e-06,1.39e-06,9.42e-06,2.47656718,-0.151121122,-7.02495e-08,1.61201e-07,Alp,30.0,Hya,1,46259,,425.7944536,,,
46339,46339,46471.0,81688.0,3743.0,,,Intercrus,9.477775,45.601483,85.8369,-6.4,-128.2,39.0,5.4,0.732,K0III-IV,0.993,-47.431774,36.836132,61.329924,-5.051e-05,4.26e-05,-8.82e-06,2.481275756,0.795896023,-3.10281e-08,-6.21531e-07,,,UMa,1,46339,,44.38129803,,,
46617,46617,46750.0,82308.0,3773.0,,4Lam Leo,Alterf,9.528675,22.967971,100.9082,-19.38,-39.04,27.0,4.32,-0.7,K5IIIvar,1.541,-74.131964,56.004334,39.376137,-2.052e-05,2.738e-05,-6.81e-06,2.494601208,0.400866708,-9.39569e-08,-1.89271e-07,Lam,4.0,Leo,1,46617,,165.9586907,,,
47297,47297,47431.0,83618.0,3845.0,,35Iot Hya,Ukdah,9.664267,-1.14281,80.7103,47.81,-62.92,23.0,3.9,-0.635,K3IIIvar,1.313,-66.071937,46.325951,-1.609728,-2.959e-05,-2.1e-06,-2.508e-05,2.530099227,-0.019945799,2.31789e-07,-3.05045e-07,Iot,35.0,Hya,1,47297,,156.3147643,,,
47373,47373,47508.0,83808.0,3852.0,,14Omi Leo,Subra,9.685843,9.892308,39.9521,-143.67,-37.45,27.0,3.52,0.512,A5V+...,0.516,-32.353394,22.412883,6.863686,-7.54e-06,3.907e-05,-2.4e-06,2.535747709,0.172653344,-6.96532e-07,-1.81563e-07,Omi,14.0,Leo,1,47373,,54.35005651,,,
47772,47772,47908.0,84441.0,3873.0,,17Eps Leo,Ras Elased Australis,9.764188,23.774255,75.643,-46.09,-9.57,4.0,2.97,-1.424,G0II,0.808,-57.700126,38.244772,30.494289,5.04e-06,1.694e-05,-1.56e-06,2.556258344,0.41493902,-2.23451e-07,-4.63967e-08,Eps,17.0,Leo,1,47772,,323.2957534,,,
48219,48219,48356.0,85444.0,3903.0,,39Ups1Hya,Zhang,9.85797,-14.846603,80.9061,18.68,-21.88,-15.0,4.11,-0.43,G6/G8III,0.918,-66.227032,41.59319,-20.730703,1.052e-05,-1.526e-05,-4.36e-06,2.580810606,-0.259122107,9.05632e-08,-1.06077e-07,Ups-1,39.0,Hya,1,48219,,129.4195841,,,
48318,48318,48455.0,85503.0,3905.0,,24Mu  Leo,Rasalas,9.879398,26.006951,38.0518,-216.29,-54.92,14.0,3.88,0.978,K0III,1.222,-29.062466,18.02588,16.685015,6.32e-06,4.303e-05,-2.83e-06,2.586420249,0.453906931,-1.0486e-06,-2.6626e-07,Mu,24.0,Leo,1,48318,,35.38343568,,,
48478,48478,48615.0,85951.0,3923.0,,,Felis,9.914503,-19.00936,188.3239,-46.09,-37.04,50.0,4.94,-1.435,K5III,1.559,-152.168245,92.455966,-61.341498,-1.006e-05,5.535e-05,-4.863e-05,2.595610768,-0.331775917,-2.23451e-07,-1.79575e-07,,,Hya,1,48478,,326.5878322,,,
49528,49528,49669.0,87901.0,3982.0,,32Alp Leo,Regulus,10.139532,11.967207,24.3132,-249.4,4.91,6.0,1.36,-0.569,B7V,-0.087,-21.018857,11.132218,5.041397,8.56e-06,2.873e-05,1.84e-06,2.654523172,0.208867165,-1.20913e-06,2.38044e-08,Alp,32.0,Leo,1,49528,,147.0957077,,,
50193,50193,50335.0,89025.0,4031.0,,36Zet Leo,Adhafera,10.278171,23.417311,84.0336,19.84,-7.3,-16.0,3.43,-1.192,F0III,0.307,-69.409312,33.594777,33.397009,8.93e-06,-1.33e-05,-9.23e-06,2.690818894,0.408709172,9.6187e-08,-3.53914e-08,Zet,36.0,Leo,1,50193,,261.0958687,,,
50230,50230,50372.0,89021.0,4033.0,,33Lam UMa,Tania Borealis,10.284952,42.914365,42.1585,-170.11,-42.64,18.0,3.45,0.326,A2IV,0.029,-27.815454,13.402145,28.706022,-2.4e-06,3.975e-05,6.15e-06,2.692594169,0.748996963,-8.24717e-07,-2.06725e-07,Lam,33.0,UMa,1,50230,,64.50598333,,,
50440,50440,50583.0,89484.0,4057.0,,41Gam1Leo,Algieba,10.332873,19.841489,39.8883,310.77,-152.88,-37.0,2.01,-0.994,K0III,1.128,-34.002797,15.860719,13.53874,-2.24e-06,-6.526e-05,-4.065e-05,2.705139837,0.346299306,1.50666e-06,-7.41183e-07,Gam-1,41.0,Leo,1,50440,,217.5704951,,,
50655,50655,50801.0,89758.0,4069.0,,34Mu  UMa,Tania Australis,10.372155,41.499516,70.6215,-80.47,34.1,-21.0,3.06,-1.185,M0III SB,1.603,-48.161684,21.865099,46.794651,3.308e-05,1.524e-05,-5.49e-06,2.7154237,0.724303198,-3.9013e-07,1.65321e-07,Mu,34.0,UMa,1,50655,,259.4179362,,,
53075,53075,53229.0,94264.0,4247.0,,46    LMi,Praecipua,10.888526,34.214871,29.0867,92.47,-286.06,16.0,3.79,1.472,K0III-IV,1.04,-23.041794,6.900625,16.355475,-3.843e-05,-2.1e-06,-2.415e-05,2.850609451,0.597162153,4.48307e-07,-1.38686e-06,,46.0,LMi,1,53075,,22.44915508,,,
53565,53565,53721.0,95128.0,4277.0,Gl 407,47    UMa,Chalawan,10.99112,40.430257,14.0627,-315.92,55.15,11.6,5.03,4.29,G0V,0.624,-10.333319,2.794615,9.120037,-7.4e-07,2.251e-05,1.056e-05,2.877468446,0.705641099,-1.53162e-06,2.67375e-07,,47.0,UMa,1,53565,,1.674942876,,,
53584,53584,53740.0,95272.0,4287.0,,7Alp Crt,Alkes,10.996244,-18.298783,48.8043,-462.39,129.11,47.0,4.08,0.638,K1III,1.079,-44.746057,12.036889,-15.32333,-2.492e-05,0.00011999,1.391e-05,2.87880999,-0.319374019,-2.24173e-06,6.25943e-07,Alp,7.0,Crt,1,53584,,48.39494493,,,
53754,53754,53910.0,95418.0,4295.0,GJ 9343,48Bet UMa,Merak,11.030677,56.382427,24.4499,81.66,33.74,-12.0,2.34,0.399,A1V,0.033,-13.103033,3.398358,20.360601,7.37e-06,-1.191e-05,-8.01e-06,2.887824569,0.984058986,3.95899e-07,1.63576e-07,Bet,48.0,UMa,1,53754,,60.31148196,,,
53905,53905,54061.0,95689.0,4301.0,,50Alp UMa,Dubhe,11.062155,61.751033,37.679,-136.46,-35.25,-9.0,1.81,-1.07,F7V comp,1.061,-17.298705,4.33488,33.191332,4.78e-06,2.45e-05,-1.116e-05,2.89606535,1.077758845,-6.61577e-07,-1.70897e-07,Alp,50.0,UMa,1,53905,,233.3458062,,,
54711,54712,54872.0,97603.0,4357.0,Gl 419,68Del Leo,Zosma,11.235138,20.523717,17.9147,143.31,-130.43,-20.2,2.56,1.294,A4V,0.128,-16.442201,3.337108,6.280742,1.259e-05,-1.526e-05,-1.785e-05,2.941352165,0.358206432,6.94786e-07,-6.32342e-07,Del,68.0,Leo,1,54712,,26.44843627,,,
54717,54718,54879.0,97633.0,4359.0,,70The Leo,Chertan,11.237335,15.42957,50.6073,-59.01,-79.37,8.0,3.33,-0.191,A2V,-0.003,-47.814213,9.675761,13.464276,-9.94e-06,1.678e-05,-1.659e-05,2.941927453,0.269296801,-2.86089e-07,-3.84797e-07,The,70.0,Leo,1,54718,,103.8484455,,,
55054,55055,55219.0,98262.0,4377.0,,54Nu  UMa,Alula Borealis,11.307983,33.094306,122.399,-26.61,27.51,-9.0,3.49,-1.949,K3III SB,1.4,-100.864256,18.476143,66.832099,1.92e-05,1.254e-05,8.65e-06,2.960423095,0.577604597,-1.29009e-07,1.33372e-07,Nu,54.0,UMa,1,55055,,524.3243172,,,
56043,56044,56211.0,100029.0,4434.0,,1Lam Dra,Giausar,11.523407,69.331076,102.145,-41.14,-18.79,7.0,3.82,-1.226,M0IIIvar,1.613,-35.773586,4.486959,95.570558,-8.61e-06,2.161e-05,3.41e-06,3.01682084,1.210055547,-1.99452e-07,-9.10965e-08,Lam,1.0,Dra,1,56044,,269.4014941,,,
57225,57226,57399.0,102224.0,4518.0,,63Chi UMa,Taiyangshou,11.767515,47.779406,56.3063,-138.38,28.37,-9.0,3.69,-0.063,K0III,1.181,-37.766969,2.301619,41.698309,1.42e-05,3.698e-05,-1.61e-06,3.080728174,0.833907947,-6.70885e-07,1.37542e-07,Chi,63.0,UMa,1,57226,,92.29963848,,,
57458,57459,57632.0,102647.0,4534.0,Gl 448,94Bet Leo,Denebola,11.817663,14.57206,10.9999,-499.02,-113.78,-0.2,2.14,1.933,A3Vvar,0.09,-10.633926,0.508011,2.767546,-6e-08,2.664e-05,-5.92e-06,3.093856966,0.25433043,-2.41932e-06,-5.51621e-07,Bet,94.0,Leo,1,57459,,14.68249968,,,
57583,57584,57757.0,102870.0,4540.0,Gl 449,5Bet Vir,Zavijava,11.844922,1.764718,10.929,740.96,-271.18,4.3,3.59,3.397,F8V,0.518,-10.914853,0.443379,0.336562,-6.43e-06,-3.903e-05,-1.423e-05,3.100993262,0.030800138,3.59228e-06,-1.31472e-06,Bet,5.0,Vir,1,57584,,3.812413511,,,
57827,57828,58001.0,103287.0,4554.0,,64Gam UMa,Phecda,11.897168,53.69476,25.5037,107.76,11.16,-13.0,2.41,0.377,A0V SB,0.044,-15.094867,0.406425,20.552678,8.62e-06,-1.356e-05,-9.9e-06,3.114671245,0.937150353,5.22435e-07,5.41052e-08,Gam,64.0,UMa,1,57828,,61.54602374,,,
58776,58777,58952.0,104985.0,4609.0,,,Tonatiuh,12.087451,76.905734,97.0874,147.22,-92.36,-20.0,5.78,0.844,G9III,1.029,-21.989708,-0.504005,94.562822,-3.611e-05,-7.013e-05,-2.977e-05,3.16448734,1.342258264,7.13743e-07,-4.47774e-07,,,Cam,1,58777,,40.03132822,,,
59019,59020,59199.0,105452.0,4623.0,Gl 455.3,1Alp Crv,Alchiba,12.140225,-24.728875,14.9365,100.18,-39.33,2.9,4.02,3.149,F0IV/V,0.334,-13.557668,-0.497944,-6.248321,-1.24e-06,-7.3e-06,-3.83e-06,3.178303548,-0.431600297,4.85686e-07,-1.90677e-07,Alp,1.0,Crv,1,59020,,4.7907113,,,
59564,59565,59747.0,106490.0,4656.0,,Del Cru,Imai,12.252427,-58.748928,105.8201,-36.68,-10.72,22.0,2.79,-2.333,B2IV,-0.193,-54.778605,-3.62525,-90.466,-8.2e-06,1.831e-05,-2.209e-05,3.207677762,-1.025362221,-1.7783e-07,-5.1972e-08,Del,,Cru,1,59565,,746.7925899,Del,2.794,2.784
59591,59592,59774.0,106591.0,4660.0,Gl 459,69Del UMa,Megrez,12.257086,57.032617,24.6853,103.56,7.81,-13.4,3.32,1.358,A3Vvar,0.077,-13.402309,-0.903455,20.710384,9.06e-06,-1.181e-05,-1.099e-05,3.208897599,0.995406944,5.02073e-07,3.78639e-08,Del,69.0,UMa,1,59592,,24.93446188,,,
59620,59621,59803.0,106625.0,4662.0,,4Gam Crv,Gienah,12.263437,-17.541929,47.1032,-159.58,22.31,-4.0,2.58,-0.785,B8III,-0.107,-44.805937,-3.095058,-14.197066,-1.5e-07,3.652e-05,6.09e-06,3.210560407,-0.306164426,-7.73666e-07,1.08162e-07,Gam,4.0,Crv,1,59621,,179.4733627,,,
59944,59945,60129.0,107259.0,4689.0,,15Eta Vir,Zaniah,12.331766,-0.666803,81.367,-59.14,-23.13,2.0,3.89,-0.662,A2IV,0.026,-81.054806,-7.05786,-0.946921,-3.96e-06,2.307e-05,-9.15e-06,3.228448734,-0.011637912,-2.86719e-07,-1.12137e-07,Eta,15.0,Vir,1,59945,,160.2507239,,,
60074,60075,60260.0,107446.0,4700.0,,Eps Cru,Ginan,12.356031,-60.401147,70.4722,-171.06,91.82,-5.0,3.59,-0.65,K3/K4III,1.389,-34.656852,-3.239447,-61.275879,-3.008e-05,5.588e-05,1.994e-05,3.234801339,-1.05419888,-8.29322e-07,4.45156e-07,Eps,,Cru,1,60075,,158.4893192,,,
60529,60530,60718.0,108248.0,4730.0,,Alp1Cru,Acrux,12.443311,-63.099092,98.7167,-35.37,-14.73,-11.0,0.77,-4.202,B0.5IV,-0.243,-44.363755,-5.171957,-88.034513,9.34e-06,1.813e-05,6.84e-06,3.257651282,-1.101286903,-1.71479e-07,-7.14131e-08,Alp-1,,Cru,1,60530,,4176.37993,,,
60775,60776,60965.0,108767.0,4757.0,,7Del Crv,Algorab,12.497739,-16.515432,26.6312,-209.97,-139.3,9.0,2.94,0.813,B9.5V,-0.012,-25.316094,-3.317674,-7.57057,-7.2e-06,2.639e-05,-1.986e-05,3.271900435,-0.288248674,-1.01796e-06,-6.75345e-07,Del,7.0,Crv,1,60776,,41.19077849,,,
60892,60893,61084.0,108903.0,4763.0,,Gam Cru,Gacrux,12.519429,-57.113212,27.1518,27.94,-264.33,21.0,1.59,-0.579,M4III,1.6,-14.606901,-1.998688,-22.800748,1.789e-05,-1.26e-06,-3.693e-05,3.277578929,-0.996813589,1.35457e-07,-1.28151e-06,Gam,,Cru,1,60893,,148.4567675,,,
61123,61124,61317.0,109358.0,4785.0,Gl 475,8Bet CVn,Chara,12.562411,41.35748,8.4395,-705.06,292.93,6.6,4.24,4.608,G0V,0.588,-6.266213,-0.929293,5.576481,-1.41e-06,2.895e-05,1.346e-05,3.288831624,0.721824191,-3.41823e-06,1.42016e-06,Bet,8.0,CVn,1,61124,,1.249683397,,,
61165,61166,61359.0,109379.0,4786.0,,9Bet Crv,Kraz,12.573121,-23.396759,44.6628,0.86,-56.0,-8.0,2.65,-0.6,G5II,0.893,-40.529889,-6.127261,-17.73539,1.221e-05,1.66e-06,-7.88e-06,3.2916353,-0.408350481,4.1694e-09,-2.71496e-07,Bet,9.0,Crv,1,61166,,151.3561248,,,
61747,61748,61941.0,110379.0,4825.0,Gl 482A,29Gam Vir,Porrima,12.694345,-1.449375,11.685,-616.66,60.66,-19.9,2.74,2.402,F0V+...,0.368,-11.488622,-2.111702,-0.295552,1.361e-05,3.802e-05,3.95e-06,3.323371774,-0.025296363,-2.98965e-06,2.94088e-07,Gam,29.0,Vir,1,61748,Gl 482,9.532350439,,,
62029,62030,62223.0,110914.0,4846.0,,,La Superba,12.752174,45.440256,320.5128,-2.2,13.05,12.0,5.42,-2.109,C7Iab,2.994,-220.542536,-43.99915,228.371602,5.05e-06,4.49e-06,2.297e-05,3.338511422,0.793082082,-1.06659e-08,6.32682e-08,,,CVn,1,62030,,607.5751461,Y,5.635,5.285
62227,62228,62423.0,111335.0,4863.0,,7    Dra,Tianyi,12.792873,66.790304,227.2727,1.64,-4.71,8.0,5.43,-1.353,K5III,1.567,-87.644943,-18.458661,208.879282,-7.45e-06,-3.42e-06,5.47e-06,3.349166278,1.165710716,7.95094e-09,-2.28347e-08,,7.0,Dra,1,62228,,302.8307694,,,
62238,62239,62434.0,111123.0,4853.0,,Bet Cru,Mimosa,12.795359,-59.688764,85.3971,-48.24,-12.82,16.0,1.25,-3.407,B0.5III,-0.238,-42.168771,-8.909619,-73.723149,-7.73e-06,1.878e-05,-1.681e-05,3.349817027,-1.04176545,-2.33874e-07,-6.21531e-08,Bet,,Cru,1,62239,,2008.167804,Bet,1.267,1.237
62756,62757,62956.0,112185.0,4905.0,,77Eps UMa,Alioth,12.900472,55.959821,25.31,111.74,-8.99,-9.0,1.76,-0.256,A0p,-0.022,-13.775959,-3.309169,20.972944,7.32e-06,-1.234e-05,-8.24e-06,3.37733559,0.976683127,5.41731e-07,-4.35847e-08,Eps,77.0,UMa,1,62757,,110.2554332,Eps,1.776,1.746
62875,62876,63076.0,112429.0,4916.0,,8    Dra,Taiyi,12.924598,65.438474,29.2912,-4.63,-30.38,9.0,5.23,2.896,A5n,0.303,-11.820552,-2.918495,26.640872,-7.68e-06,-1.22e-06,6.58e-06,3.383651811,1.14211682,-2.24469e-08,-1.47286e-07,,8.0,Dra,1,62876,,6.047835919,IR,5.253,5.193
62889,62890,63090.0,112300.0,4910.0,,43Del Vir,Minelauva,12.926725,3.39747,60.8273,-471.44,-52.81,-18.0,3.39,-0.53,M3III,1.571,-58.94191,-14.587593,3.604756,-1.646e-05,0.00013914,-1.664e-05,3.384208561,0.059297042,-2.28561e-06,-2.5603e-07,Del,43.0,Vir,1,62890,,141.9057522,,,
62920,62921,63121.0,112412.0,4914.0,,12Alp1CVn,Cor Caroli B,12.933468,38.314912,36.9004,-203.89,88.34,-3.0,5.61,2.775,F0V,0.337,-28.092342,-7.005189,22.877614,3.02e-06,3.834e-05,1.05e-05,3.385974004,0.668721373,-9.88487e-07,4.28284e-07,Alp-1,12.0,CVn,1,62921,,6.760829754,,,
62924,62925,63125.0,112413.0,4915.0,,12Alp2CVn,Cor Caroli,12.933807,38.31838,35.1989,-233.43,54.98,-3.0,2.89,0.157,A0spe...,-0.115,-26.795114,-6.684223,21.824384,-1.66e-06,4.064e-05,5.46e-06,3.386062718,0.66878189,-1.1317e-06,2.66551e-07,Alp-2,12.0,CVn,1,62925,,75.37025767,Alp-2,2.943,2.863
63404,63405,63608.0,113226.0,4932.0,,47Eps Vir,Vindemiatrix,13.036278,10.95915,33.6022,-275.05,19.96,-14.0,2.85,0.218,G8IIIvar,0.934,-31.782664,-8.840495,6.38806,2.13e-06,4.71e-05,4.7e-07,3.412889543,0.191273257,-1.33348e-06,9.67688e-08,Eps,47.0,Vir,1,63405,,71.25248248,,,
64036,64037,64241.0,114378.0,4968.0,Gl 501A,42Alp Com,Diadem,13.166469,17.529431,17.8253,-445.95,129.69,-11.6,4.32,3.065,F5V,0.455,-16.211012,-5.110375,5.368871,2.42e-06,4.117e-05,7.11e-06,3.446973582,0.305946294,-2.16203e-06,6.28755e-07,Alp,42.0,Com,1,64037,Gl 501,5.17606832,,,
65172,65173,65378.0,116656.0,5054.0,GJ 3783A,79Zet UMa,Mizar,13.398747,54.925362,26.3089,121.23,-22.01,-5.6,2.23,0.129,A2V,0.057,-14.115808,-5.413302,21.531272,6.46e-06,-1.408e-05,-6.3e-06,3.507783855,0.958628404,5.8774e-07,-1.06707e-07,Zet,79.0,UMa,1,65173,GJ 3783,77.3392578,,2.336,2.196
65268,65269,65474.0,116658.0,5056.0,,67Alp Vir,Spica,13.419883,-11.161322,76.5697,-42.5,-31.73,1.0,0.98,-3.44,B1V,-0.235,-69.990853,-27.285826,-14.82176,-4.54e-06,1.516e-05,-1.175e-05,3.513317218,-0.194801818,-2.06046e-07,-1.53831e-07,Alp,67.0,Vir,1,65269,,2070.141349,Alp,1.001,0.961
65271,65272,65477.0,116842.0,5062.0,GJ 3785,80    UMa,Alcor,13.420413,54.987958,25.0564,120.35,-16.94,-8.9,3.99,1.995,A5V SB,0.169,-13.393436,-5.223608,20.521915,8.61e-06,-1.233e-05,-8.64e-06,3.51345583,0.959720908,5.83473e-07,-8.21274e-08,,80.0,UMa,1,65272,,13.86755829,,,
66039,66040,66249.0,118098.0,5107.0,GJ 3792,79Zet Vir,Heze,13.57822,-0.59582,22.7118,-278.89,48.56,-13.2,3.38,1.599,A3V,0.114,-20.799365,-9.118725,-0.236175,-2e-08,3.352e-05,5.49e-06,3.554769681,-0.010399023,-1.3521e-06,2.35426e-07,Zet,79.0,Vir,1,66040,,19.97100866,,,
67087,67088,67301.0,120315.0,5191.0,,85Eta UMa,Alkaid,13.792354,49.313265,31.8674,-121.23,-15.56,-11.0,1.85,-0.667,B3V SB,-0.099,-18.529548,-9.394541,24.164506,-3.55e-06,1.92e-05,-1.01e-05,3.610829901,0.860678839,-5.8774e-07,-7.5437e-08,Eta,85.0,UMa,1,67088,,160.9904076,,,
67710,67711,67927.0,121370.0,5235.0,Gl 534,8Eta Boo,Muphrid,13.911411,18.397717,11.396,-60.95,-358.1,1.0,2.68,2.396,G0IV,0.58,-9.487671,-5.188142,3.596709,-7.95e-06,-5.1e-07,-1.845e-05,3.641998952,0.321100736,-2.95494e-07,-1.73612e-06,Eta,8.0,Boo,1,67711,,9.585173977,,,
68482,68483,68702.0,122451.0,5267.0,,Bet Cen,Hadar,14.063729,-60.373039,120.1923,-33.96,-25.06,6.0,0.61,-4.789,B1III,-0.231,-50.954051,-30.56287,-104.478695,-1.89e-06,2.194e-05,-1.255e-05,3.68187566,-1.053708314,-1.64643e-07,-1.21494e-07,Bet,,Cen,1,68483,,7171.334827,Bet,0.634,0.594
68536,68537,68756.0,123299.0,5291.0,,11Alp Dra,Thuban,14.073165,64.37585,92.9368,-56.52,17.19,-13.0,3.67,-1.171,A0III SB,-0.049,-34.416017,-20.758849,83.796391,-2.25e-06,2.838e-05,-8.64e-06,3.684345906,1.123570548,-2.74017e-07,8.33395e-08,Alp,11.0,Dra,1,68537,,256.0943517,,,
68713,68714,68933.0,123139.0,5288.0,Gl 539,5The Cen,Menkent,14.111395,-36.369954,18.0343,-519.29,-517.87,1.3,2.06,0.78,K0IIIb,1.011,-12.358808,-7.624204,-10.694288,-1.9e-06,5.217e-05,-3.724e-05,3.694354548,-0.634775453,-2.51759e-06,-2.5107e-06,The,5.0,Cen,1,68714,,42.46195639,,,
69204,69205,69427.0,124294.0,5315.0,,98Kap Vir,Kang,14.214929,-10.273702,78.125,8.04,140.79,-4.0,4.18,-0.284,K3III,1.323,-64.306477,-42.119366,-13.933635,-2.92e-06,-5.55e-06,5.32e-05,3.721459797,-0.179309923,3.8979e-08,6.82569e-07,Kap,98.0,Vir,1,69205,,113.1357864,,,
69450,69451,69673.0,124897.0,5340.0,Gl 541,16Alp Boo,Arcturus,14.26103,19.18241,11.2575,-1093.45,-1999.4,-5.0,-0.05,-0.307,K2IIIp,1.239,-8.823448,-5.932531,3.698938,-5.905e-05,3.22e-05,-0.00010473,3.733529029,0.334796218,-5.3012e-06,-9.69336e-06,Alp,16.0,Boo,1,69451,,115.5579955,,,
69478,69479,69701.0,124850.0,5338.0,GJ 9473,99Iot Vir,Syrma,14.266908,-6.000547,22.237,-25.84,-419.84,14.6,4.07,2.335,F7V,0.511,-18.333625,-12.367873,-2.324624,-9.95e-06,-3.35e-06,-4.657e-05,3.73506785,-0.104729295,-1.25276e-07,-2.03544e-06,Iot,99.0,Vir,1,69479,,10.13911386,,,
69509,69510,69732.0,125162.0,5351.0,GJ 3837,19Lam Boo,Xuange,14.273074,46.088305,30.3582,-187.42,159.01,-8.1,4.18,1.769,A0sh,0.087,-17.435524,-11.802923,21.870286,3.26e-06,3.551e-05,1.026e-05,3.736682075,0.804392674,-9.08638e-07,7.70902e-07,Lam,19.0,Boo,1,69510,,17.07654473,,,
69750,69751,69974.0,125337.0,5359.0,,100Lam Vir,Khambalia,14.318498,-13.371095,57.1755,-17.12,29.39,-11.0,4.52,0.734,A1V,0.128,-45.689342,-31.728277,-13.222219,4.74e-06,9.07e-06,1.053e-05,3.748573937,-0.23336963,-8.30001e-08,1.42487e-07,Lam,100.0,Vir,1,69751,,44.29961991,,,
70531,70532,70755.0,126868.0,5409.0,Gl 550.2A,105Phi Vir,Elgafar,14.470038,-2.227957,36.2582,-140.94,-2.92,-10.1,4.81,2.013,G2III,0.693,-28.915866,-21.829712,-1.409548,-6.67e-06,2.6e-05,-1.1e-07,3.78824718,-0.038885188,-6.83296e-07,-1.41566e-08,Phi,105.0,Vir,1,70532,Gl 550.2,13.63954868,,,
70850,70851,71075.0,127762.0,5435.0,,27Gam Boo,Seginus,14.534636,38.308253,26.6099,-115.55,151.87,-37.0,3.04,0.915,A7IIIvar,0.191,-16.449442,-12.860715,16.49506,2.378e-05,3.751e-05,-8.08e-06,3.805158858,0.668605138,-5.60202e-07,7.36287e-07,Gam,27.0,Boo,1,70851,,37.49730022,Gam,3.052,3.032
71452,71453,71681.0,128621.0,5460.0,Gl 559B,Alp2Cen,Toliman,14.660346,-60.8383,1.3248,-3678.19,481.84,-26.2,1.35,5.739,K1V,0.9,-0.495181,-0.413973,-1.156674,-7.22e-06,2.476e-05,2.491e-05,3.838069571,-1.061828649,-1.78324e-05,2.33603e-06,Alp-2,,Cen,2,71456,Gl 559,0.440960816,,,
71455,71456,71683.0,128620.0,5459.0,Gl 559A,Alp1Cen,Rigil Kentaurus,14.660765,-60.833976,1.3248,-3678.19,481.84,-26.2,-0.01,4.379,G2V,0.71,-0.495203,-0.414084,-1.156625,-7.22e-06,2.476e-05,2.491e-05,3.838179212,-1.061753176,-1.78324e-05,2.33603e-06,Alp-1,,Cen,1,71456,Gl 559,1.543121066,,0.113,-0.087
71878,71879,72105.0,129988.0,5505.0,,36Eps Boo,Izar,14.749784,27.074222,62.1118,-50.65,20.0,-23.0,2.35,-1.616,A0,0.966,-41.582771,-36.462926,28.269741,7.75e-06,2.708e-05,-5.34e-06,3.861484338,0.472534323,-2.45558e-07,9.69627e-08,Eps,36.0,Boo,1,71879,,385.8335599,,,
72260,72261,72487.0,130945.0,5533.0,,38    Boo,Merga,14.821853,46.116205,48.9956,-7.35,-77.32,-5.0,5.76,2.309,F7IVw,0.482,-25.109461,-22.870123,35.313409,-8.34e-06,-5.24e-06,-1.642e-05,3.880352062,0.804879622,-3.56338e-08,-3.74858e-07,,38.0,Boo,1,72261,,10.38484455,,,
72379,72380,72607.0,131873.0,5563.0,,7Bet UMi,Kochab,14.845105,74.155505,40.1445,-32.29,11.91,17.0,2.07,-0.948,K4IIIvar,1.465,-8.058164,-7.429707,38.619407,-6.11e-06,2.91e-06,1.736e-05,3.88643929,1.294257717,-1.56546e-07,5.77413e-08,Bet,7.0,UMi,1,72380,,208.5451048,,,
72395,72396,72622.0,130841.0,5531.0,Gl 564.1,9Alp2Lib,Zubenelgenubi,14.847977,-16.041778,23.2396,-105.69,-69.0,-46.7,2.75,0.919,A3IV,0.147,-16.408581,-15.151818,-6.421874,2.722e-05,4.135e-05,5.73e-06,3.88719117,-0.279981846,-5.124e-07,-3.34521e-07,Alp-2,9.0,Lib,1,72396,,37.35940923,,,
73326,73327,73555.0,133208.0,5602.0,,42Bet Boo,Nekkar,15.032436,40.390566,69.0608,-40.2,-29.22,-20.0,3.49,-0.706,G8III,0.956,-36.876434,-37.508062,44.750903,-3.12e-06,1.602e-05,-2.071e-05,3.935482541,0.704948356,-1.94895e-07,-1.41663e-07,Bet,42.0,Boo,1,73327,,166.8783511,,,
73485,73486,73714.0,133216.0,5603.0,,20Sig Lib,Brachium,15.067839,-25.281965,88.4173,-71.85,-44.69,-4.0,3.25,-1.483,M3/M4III,1.674,-55.51919,-57.527085,-37.760649,-1.391e-05,2.993e-05,-1.557e-05,3.944750989,-0.441253524,-3.48339e-07,-2.16663e-07,Sig,20.0,Lib,1,73486,,341.3500729,Sig,3.351,3.181
74555,74556,74785.0,135742.0,5685.0,,27Bet Lib,Zubeneschamali,15.283449,-9.382917,56.7537,-96.39,-20.76,-35.0,2.61,-1.16,B8V,-0.071,-36.549398,-42.420251,-9.252607,3.57e-06,4.477e-05,2e-07,4.001197527,-0.163762802,-4.67312e-07,-1.00647e-07,Bet,27.0,Lib,1,74556,,253.512863,,,
74867,74868,75097.0,137422.0,5735.0,,13Gam UMi,Pherkad,15.345483,71.834016,149.2537,-18.03,17.68,-4.0,3.0,-2.87,A3II-III,0.058,-29.797327,-35.741213,141.814461,-1.42e-06,1.867e-05,1e-07,4.017438041,1.253740093,-8.74119e-08,8.57151e-08,Gam,13.0,UMi,1,74868,,1224.616199,Gam,3.016,2.996
75181,75182,75411.0,137391.0,5733.0,GJ 3903A,51Mu 1Boo,Alkalurops,15.408181,37.377167,34.6861,-147.68,84.69,-8.6,4.31,1.609,F0V,0.309,-17.300377,-21.457918,21.056469,-9.52e-06,2.776e-05,5.98e-06,4.033852235,0.652354624,-7.15973e-07,4.10589e-07,Mu-1,51.0,Boo,1,75182,GJ 3903,19.78791335,,,
75228,75229,75458.0,137759.0,5744.0,,12Iot Dra,Edasich,15.415494,58.966065,31.027,-8.27,17.3,-11.0,3.29,0.831,K2III,1.166,-10.015969,-12.471787,26.585776,4.06e-06,7.04e-06,-8.3e-06,4.035766949,1.02915199,-4.00941e-08,8.38728e-08,Iot,12.0,Dra,1,75229,,40.51352202,,,
75465,75466,75695.0,137909.0,5747.0,,3Bet CrB,Nusakan,15.463818,29.105703,34.2818,-181.39,86.84,-19.0,3.66,0.985,F0p,0.319,-18.45833,-23.589253,16.675351,-8.95e-06,3.748e-05,3.16e-06,4.048418174,0.507990342,-8.79404e-07,4.21012e-07,Bet,3.0,CrB,1,75466,,35.15604405,Bet,3.683,3.653
76034,76035,76267.0,139006.0,5793.0,,5Alp CrB,Alphecca,15.578128,26.714693,23.0097,120.38,-89.44,2.0,2.22,0.41,A0V,0.032,-12.176093,-16.558746,10.343974,7.08e-06,-1.304e-05,-7.99e-06,4.078344289,0.466259351,5.83619e-07,-4.33617e-07,Alp,5.0,CrB,1,76035,,59.70352866,Alp,2.289,2.209
76099,76100,76333.0,138905.0,5787.0,GJ 3912,38Gam Lib,Zubenelhakrabi,15.592105,-14.789537,50.025,65.67,6.93,-28.2,3.91,0.414,K0III,1.007,-28.510476,-39.071229,-12.769777,2.905e-05,1.279e-05,8.99e-06,4.082003513,-0.258126111,3.18377e-07,3.35976e-08,Gam,38.0,Lib,1,76100,,59.48397741,,,
76834,76835,77070.0,140573.0,5854.0,Gl 596.2,24Alp Ser,Unukalhai,15.737798,6.425627,22.6757,134.66,44.14,2.7,2.63,0.852,K2III,1.167,-12.5786,-18.695648,2.537718,1.105e-05,-1.009e-05,5.13e-06,4.120145986,0.112148346,6.5285e-07,2.13997e-07,Alp,24.0,Ser,1,76835,,39.73745051,,,
77213,77214,77450.0,141477.0,5879.0,,35Kap Ser,Gudja,15.812327,18.141564,117.096,-51.78,-88.72,-39.0,4.09,-1.253,M1III,1.616,-60.303137,-93.518027,36.45959,-1.266e-05,3.461e-05,-6.028e-05,4.139657609,0.316630016,-2.51037e-07,-4.30127e-07,Kap,35.0,Ser,1,77214,,276.1849442,,,
77867,77868,78104.0,142669.0,5928.0,,5Rho Sco,Iklil,15.948077,-29.214073,144.7178,-15.2,-25.1,3.3,3.87,-1.933,B2IV/V,-0.199,-64.636099,-108.519131,-70.633018,-6.27e-06,1.031e-05,-1.702e-05,4.175196831,-0.509881765,-7.36917e-08,-1.21688e-07,Rho,5.0,Sco,1,77868,,516.6542426,,,
78028,78029,78265.0,143018.0,5944.0,,6Pi  Sco,Fang,15.980865,-26.114105,179.5332,-12.0,-25.71,-3.0,2.89,-3.381,B1V + B2V,-0.18,-81.301517,-139.203202,-79.023364,-2.66e-06,1.615e-05,-1.874e-05,4.183780644,-0.455777118,-5.81776e-08,-1.24646e-07,Pi,6.0,Sco,1,78029,,1960.649667,Pi,2.913,2.873
78164,78165,78401.0,143275.0,5953.0,,7Del Sco,Dschubba,16.005557,-22.62171,150.6024,-8.67,-36.9,-7.0,2.29,-3.599,B0.2IV,-0.117,-69.332609,-120.492107,-57.928452,2.98e-06,1.787e-05,-2.211e-05,4.190245125,-0.394823319,-4.20333e-08,-1.78896e-07,Del,7.0,Sco,1,78165,,2396.624529,Del,2.299,2.279
78579,78580,78820.0,144217.0,5984.0,,8Bet1Sco,Acrab,16.09062,-19.805453,123.9157,-6.75,-24.89,-1.0,2.56,-2.906,B0.5V,-0.065,-55.881427,-102.320756,-41.98604,-6.7e-07,7.23e-06,-1.372e-05,4.212514383,-0.34567037,-3.27249e-08,-1.2067e-07,Bet-1,8.0,Sco,1,78580,,1265.901749,,,
78580,78581,78821.0,144218.0,5985.0,,8Bet2Sco,Acrab B,16.09071,-19.80186,122.1001,-34.59,-7.47,-4.0,4.9,-0.534,B2V,-0.024,-55.06152,-100.825111,-41.363651,-1.541e-05,1.451e-05,-2.77e-06,4.212537953,-0.345607655,-1.67697e-07,-3.62156e-08,Bet-2,8.0,Sco,1,78581,,142.4295165,,,
78803,78804,79043.0,145001.0,6008.0,,7Kap Her,Marsic,16.134591,17.04698,112.7396,-34.29,-5.46,-11.0,5.0,-0.26,G8III,0.931,-50.571259,-95.186266,33.050231,-1.191e-05,1.752e-05,-6.15e-06,4.224025958,0.297525931,-1.66243e-07,-2.64708e-08,Kap,7.0,Her,1,78804,,110.6623784,,,
79133,79134,79374.0,145502.0,6027.0,,14Nu  Sco,Jabbah,16.199926,-19.460708,145.3488,-9.7,-25.25,2.0,4.0,-1.812,B2IV,0.076,-62.219516,-122.106847,-48.424462,-4.27e-06,6.67e-06,-1.746e-05,4.241130793,-0.339653432,-4.70269e-08,-1.22415e-07,Nu,14.0,Sco,1,79134,,462.1681361,,,
79351,79352,79593.0,146051.0,6056.0,,1Del Oph,Yed Prior,16.239094,-3.694323,52.4659,-45.83,-142.91,-20.0,2.73,-0.869,M1III,1.584,-23.290749,-46.890988,-3.380547,-3.2e-07,2.556e-05,-3.495e-05,4.251384942,-0.064478098,-2.2219e-07,-6.92847e-07,Del,1.0,Oph,1,79352,,193.9099079,,,
79639,79640,79882.0,146791.0,6075.0,GJ 3949,2Eps Oph,Yed Posterior,16.305358,-4.692511,32.6371,82.39,40.08,-7.7,3.23,0.661,G8III,0.966,-13.962311,-29.378579,-2.669978,1.492e-05,1.02e-06,6.96e-06,4.268732739,-0.081899761,3.99438e-07,1.94313e-07,Eps,2.0,Oph,1,79640,,47.38053933,,,
79869,79870,80112.0,147165.0,6084.0,,20Sig Sco,Alniyat,16.353143,-25.592796,213.6752,-10.03,-18.03,3.0,2.9,-3.749,B1III,0.299,-80.536239,-175.075401,-92.301792,-7.22e-06,9.16e-06,-1.817e-05,4.281242956,-0.446678561,-4.86268e-08,-8.74119e-08,Sig,20.0,Sco,1,79870,,2751.693133,Sig,2.928,2.868
80088,80089,80331.0,148387.0,6132.0,Gl 624.1A,14Eta Dra,Athebyne,16.39986,61.514213,28.2326,-16.98,56.68,-13.7,2.73,0.476,G8III,0.91,-5.477258,-12.300885,24.814526,3.37e-06,1.328e-05,-8.62e-06,4.293473371,1.073625554,-8.23214e-08,2.74792e-07,Eta,14.0,Dra,1,80089,Gl 624.1,56.18236281,,,
80220,80221,80463.0,148112.0,6117.0,,24Ome Her,Cujam,16.423598,14.03327,76.6871,39.39,-59.89,-6.0,4.57,0.146,B9p Cr,0.002,-29.840058,-68.151905,18.595479,1.364e-05,-5.37e-06,-2.309e-05,4.299687876,0.244926758,1.90968e-07,-2.90355e-07,Ome,24.0,Her,1,80221,,76.13774325,Ome,4.588,4.558
80518,80519,80763.0,148478.0,6134.0,,21Alp Sco,Antares,16.490128,-26.432002,169.7793,-10.16,-23.21,-3.0,1.06,-5.089,M1Ib + B2.5V,1.865,-58.542602,-140.307591,-75.574766,-3.38e-06,1.36e-05,-1.574e-05,4.317105466,-0.461325471,-4.92571e-08,-1.12525e-07,Alp,21.0,Sco,1,80519,,9453.66046,Alp,1.155,0.995
80570,80571,80816.0,148856.0,6148.0,,27Bet Her,Kornephoros,16.503668,21.489613,42.6621,-98.43,-14.49,-26.0,2.78,-0.37,G8III,0.947,-15.155861,-36.689058,15.62843,-9.79e-06,2.963e-05,-1.253e-05,4.320650131,0.375064505,-4.77202e-07,-7.02495e-08,Bet,27.0,Her,1,80571,,122.4616199,,,
80636,80637,80883.0,148857.0,6149.0,,10Lam Oph,Marfik,16.515229,1.983923,53.0786,-31.37,-73.0,-14.0,3.82,0.195,A2V,0.022,-20.104527,-49.089266,1.837527,-2.29e-06,1.57e-05,-1.927e-05,4.323676728,0.03462599,-1.52086e-07,-3.53914e-07,Lam,10.0,Oph,1,80637,,72.77798045,,,
81019,81020,81266.0,149438.0,6165.0,,23Tau Sco,Paikauhale,16.598043,-28.216016,145.3488,-8.59,-22.5,2.0,2.82,-2.992,B0V,-0.206,-45.960032,-119.546841,-68.7205,-3.61e-06,7.49e-06,-1.494e-05,4.345357462,-0.492462384,-4.16455e-08,-1.09083e-07,Tau,23.0,Sco,1,81020,,1370.250597,,,
82021,82022,82273.0,150798.0,6217.0,,Alp TrA,Atria,16.811077,-69.027715,119.7605,17.85,-32.92,-3.0,1.91,-3.482,K2IIb-IIIa,1.447,-13.127447,-40.804561,-111.826781,1.567e-05,1.486e-05,-3.98e-06,4.401129586,-1.204760901,8.65392e-08,-1.59601e-07,Alp,,TrA,1,82022,,2151.79057,,,
82143,82144,82396.0,151680.0,6241.0,,26Eps Sco,Larawag,16.83608,-34.293232,19.5351,-611.83,-255.87,-3.0,2.29,0.836,K2IIIb,1.144,-4.842163,-15.39568,-11.006616,-5.042e-05,3.282e-05,-1.829e-05,4.407675434,-0.598529803,-2.96624e-06,-1.24049e-06,Eps,26.0,Sco,1,82144,,40.3273793,,,
82262,82263,82514.0,151890.0,6247.0,,Mu 1Sco,Xamidimura,16.864509,-38.04738,153.6098,-8.84,-21.6,-25.0,3.0,-2.932,B1.5IV + B,-0.2,-35.43289,-115.66204,-94.671563,2.51e-06,3.066e-05,3.09e-06,4.41511822,-0.664052045,-4.28575e-08,-1.0472e-07,Mu-1,,Sco,1,82263,,1296.582035,Mu-1,3.206,2.946
82293,82294,82545.0,151985.0,6252.0,,Mu 2Sco,Pipirima,16.872263,-38.017536,145.3488,-12.92,-23.8,1.0,3.56,-2.252,B2IV,-0.21,-33.31875,-109.554458,-89.520712,-5.94e-06,1.176e-05,-1.384e-05,4.417148058,-0.66353117,-6.26379e-08,-1.15386e-07,Mu-2,,Sco,1,82294,,693.1065451,,,
83637,83638,83895.0,155763.0,6396.0,,22Zet Dra,Aldhibah,17.146448,65.714683,100.7049,-20.76,19.15,-17.0,3.17,-1.845,B6III,-0.12,-9.178442,-40.388128,91.793254,-6.41e-06,1.753e-05,-1.2e-05,4.488929593,1.146937588,-1.00647e-07,9.28418e-08,Zet,22.0,Dra,1,83638,,476.4309868,,,
83754,83755,84012.0,155125.0,6378.0,Gl 656.1A,35Eta Oph,Sabik,17.172968,-15.72491,27.0929,41.16,97.65,-2.4,2.43,0.266,A2.5Va,0.059,-5.602493,-25.470005,-7.342684,5.04e-06,-2.25e-06,1.301e-05,4.495872618,-0.274451458,1.99549e-07,4.73421e-07,Eta,35.0,Oph,1,83755,Gl 656.1,68.17105263,,,
84085,84086,84345.0,156014.0,6406.0,,64Alp1Her,Rasalgethi,17.244127,14.390333,110.2536,-6.71,32.78,-33.0,2.78,-2.432,M5IIvar,1.164,-20.995512,-104.709944,27.400863,3.77e-06,3.703e-05,8.58e-06,4.514501981,0.251158688,-3.2531e-08,1.58922e-07,Alp-1,64.0,Her,1,84086,,818.0879579,Alp,2.967,2.567
84120,84121,84379.0,156164.0,6410.0,GJ 3995A,65Del Her,Sarin,17.250531,24.839204,23.0362,-21.14,-157.68,-40.0,3.12,1.308,A3IVv SB,0.08,-4.075476,-20.503689,9.676738,3.48e-06,2.962e-05,-3.316e-05,4.516178466,0.433525895,-1.0249e-07,-7.64454e-07,Del,65.0,Her,1,84121,GJ 3995,26.10958687,,,
84146,84147,84405.0,155885.0,6401.0,Gl 663A,36    Oph,Guniibuu,17.255836,-26.602829,5.9333,-473.69,-1143.93,0.9,4.33,5.464,K2:III:,0.855,-1.027046,-5.204798,-2.656955,-1.067e-05,1.628e-05,-2.983e-05,4.517567394,-0.464306962,-2.29651e-06,-5.54593e-06,,36.0,Oph,1,84147,Gl 663,0.568067574,,,
85409,85410,85670.0,159181.0,6536.0,,23Bet Dra,Rastaban,17.507213,52.301387,116.5501,-15.59,11.57,-20.0,2.79,-2.543,G2II,0.954,-9.169333,-70.678899,92.218765,-6.46e-06,1.867e-05,-1.219e-05,4.583377712,0.912831407,-7.55825e-08,5.60929e-08,Bet,23.0,Dra,1,85410,,906.1498022,,,
85432,85433,85693.0,158899.0,6526.0,,76Lam Her,Maasym,17.512308,26.110645,113.2503,18.39,16.78,-26.0,4.41,-0.86,K3IIIvar,1.434,-12.948576,-100.86468,49.842035,1.357e-05,2.642e-05,-3.43e-06,4.584711502,0.455716729,8.91572e-08,8.13517e-08,Lam,76.0,Her,1,85433,,192.3091729,,,
85435,85436,85696.0,158408.0,6508.0,,34Ups Sco,Lesath,17.512732,-37.295811,176.6784,-4.19,-29.14,8.0,2.7,-3.536,B2IV,-0.179,-17.880984,-139.40881,-107.054828,-2.46e-06,9e-06,-2.481e-05,4.584822594,-0.650934698,-2.03137e-08,-1.41275e-07,Ups,34.0,Sco,1,85436,,2261.517746,,,
85559,85560,85822.0,166205.0,6789.0,,23Del UMi,Yildun,17.536918,86.58646,52.7704,10.54,53.97,-8.0,4.35,0.738,A1Vn,0.021,-0.379972,-3.119005,52.676703,4.4e-06,1.384e-05,-7.35e-06,4.591154283,1.511218819,5.10994e-08,2.61654e-07,Del,23.0,UMi,1,85560,,44.13671435,,,
85664,85665,85927.0,158926.0,6527.0,,35Lam Sco,Shaula,17.560145,-37.103821,175.1313,-8.9,-29.95,-3.0,1.62,-4.597,B1.5IV+...,-0.231,-16.048583,-138.749793,-105.649898,-5.46e-06,1.854e-05,-1.843e-05,4.597235152,-0.647583843,-4.31484e-08,-1.45202e-07,Lam,35.0,Sco,1,85665,,6008.969505,Lam,1.656,1.596
85768,85769,86032.0,159561.0,6556.0,Gl 681,55Alp Oph,Rasalhague,17.582241,12.560035,14.8965,110.08,-222.61,12.6,2.08,1.215,A5III,0.155,-1.587067,-14.453242,3.239454,6.15e-06,-1.685e-05,-1.289e-05,4.603020023,0.219213961,5.33683e-07,-1.07924e-06,Alp,55.0,Oph,1,85769,,28.44461107,,,
85964,85965,86228.0,159532.0,6553.0,,The Sco,Sargas,17.62198,-42.997824,92.081,6.06,-0.95,1.0,1.86,-2.961,F1II,0.406,-6.654055,-67.016643,-62.796539,2.65e-06,-7.2e-07,-1.01e-06,4.613423665,-0.750453596,2.93797e-08,-4.60573e-09,The,,Sco,1,85965,,1331.680376,,,
86346,86347,86614.0,162003.0,6636.0,Gl 694.1A,31Psi1Dra,Dziban,17.698978,72.148843,22.8363,26.6,-269.77,-13.7,4.57,2.777,F5IV-V,0.434,-0.551088,-6.978598,21.736754,1.04e-06,-2.429e-05,-2.249e-05,4.633581727,1.259234868,1.2896e-07,-1.30788e-06,Psi-1,31.0,Dra,1,86347,Gl 694.1,6.748387309,,,
86352,86353,86620.0,162004.0,6637.0,Gl 694.1B,31Psi1Dra,Dziban B,17.699461,72.156911,23.0627,34.97,-273.61,-10.9,5.81,3.995,G0V,0.53,-0.555414,-7.044781,21.953273,1.88e-06,-2.593e-05,-1.998e-05,4.633707989,1.259375671,1.69539e-07,-1.3265e-06,Psi-1,31.0,Dra,2,86347,Gl 694.1,2.197859873,,,
86474,86475,86742.0,161096.0,6603.0,,60Bet Oph,Cebalrai,17.724543,4.567303,25.0941,-40.67,158.8,-12.0,2.76,0.762,K2III,1.168,-1.802333,-24.949291,1.998237,-3.94e-06,1.409e-05,1.828e-05,4.640274383,0.079714471,-1.97174e-07,7.69884e-07,Bet,60.0,Oph,1,86475,,43.17178445,,,
86514,86515,86782.0,161693.0,6618.0,,,Alruba,17.733103,53.801715,163.3987,13.32,-16.35,-2.0,5.75,-0.316,A2V,0.017,-6.737285,-96.264768,131.85914,9.88e-06,-9.96e-06,-9.3e-06,4.642515503,0.939017069,6.45772e-08,-7.9267e-08,,,Dra,1,86515,,116.5198723,,,
86528,86529,86796.0,160691.0,6585.0,Gl 691,Mu  Ara,Cervantes,17.735752,-51.834053,15.5111,-15.06,-191.17,-9.0,5.12,4.167,G5V,0.694,-0.662558,-9.561971,-12.19514,4e-08,1.703e-05,-1.65e-06,4.643209088,-0.904674888,-7.30129e-08,-9.26818e-07,Mu,,Ara,1,86529,,1.875858174,,,
86990,86991,87261.0,161892.0,6630.0,,,Fuyue,17.830965,-37.043304,38.5802,42.09,27.77,25.0,3.19,0.258,K0/K1III,1.192,-1.362278,-30.763993,-23.24156,6.82e-06,-2.386e-05,-1.126e-05,4.668135844,-0.646527612,2.04058e-07,1.34633e-07,,,Sco,1,86991,,68.67521061,,,
87313,87314,87585.0,163588.0,6688.0,,32Xi  Dra,Grumium,17.892134,56.872643,34.5066,93.65,78.44,-26.0,3.73,1.04,K2III,1.177,-0.532395,-18.850278,28.897629,1.638e-05,2.507e-05,-1.51e-05,4.684149846,0.99261487,4.54028e-07,3.80288e-07,Xi,32.0,Dra,1,87314,,33.419504,,,
87560,87561,87833.0,164058.0,6705.0,,33Gam Dra,Eltanin,17.943437,51.488895,47.3037,-8.52,-23.05,-28.0,2.24,-1.134,K5III,1.521,-0.436154,-29.451035,37.014357,-1.75e-06,1.372e-05,-2.57e-05,4.697580792,0.898650744,-4.13061e-08,-1.1175e-07,Gam,33.0,Dra,1,87561,,247.5141318,,,
88360,88361,88635.0,165135.0,6746.0,,10Gam2Sgr,Alnasl,18.096803,-30.424091,29.7,-55.75,-181.53,22.0,2.98,0.616,K0III,0.981,0.648969,-25.602281,-15.040072,-7.87e-06,-6.37e-06,-3.393e-05,4.737732034,-0.531000564,-2.70284e-07,-8.80082e-07,Gam-2,10.0,Sgr,1,88361,,49.38556196,,,
89063,89064,89341.0,166937.0,6812.0,,13Mu  Sgr,Polis,18.229392,-21.058834,100000.0,1.72,-1.39,-6.0,3.84,-16.16,B2III:,0.195,5600.996443,-93152.9614,-35932.6399,0.00081743,0.00029745,-0.00062662,4.772443549,-0.367545984,8.3388e-09,-6.73891e-09,Mu,13.0,Sgr,1,89064,,253512863.0,Mu,3.928,3.808
89652,89653,89931.0,168454.0,6859.0,,19Del Sgr,Kaus Media,18.3499,-29.828103,106.6098,29.96,-26.38,-20.0,2.72,-2.419,K3III,1.38,8.460232,-92.098382,-53.027575,1.318e-05,2.584e-05,-1.65e-06,4.803992513,-0.52059861,1.4525e-07,-1.27894e-07,Del,19.0,Sgr,1,89653,,808.3510374,,,
89905,89906,90185.0,169022.0,6879.0,,20Eps Sgr,Kaus Australis,18.402868,-34.384616,43.9367,-39.61,-124.05,-15.0,1.79,-1.424,B9.5III,-0.031,3.817188,-36.057831,-24.812975,-1.129e-05,2.654e-05,-1.314e-05,4.817859453,-0.600124762,-1.92035e-07,-6.01411e-07,Eps,20.0,Sgr,1,89906,,323.2957534,,,
90064,90065,90344.0,170693.0,6945.0,,42    Dra,Fafnir,18.433069,65.56348,96.5251,106.52,-27.07,32.0,4.82,-0.103,K2III,1.179,4.51784,-39.674686,87.878659,5.236e-05,-1.927e-05,2.456e-05,4.825766292,1.144298602,5.16424e-07,-1.31239e-07,,42.0,Dra,1,90065,,95.7634977,,,
90216,90217,90496.0,169916.0,6913.0,Gl 713.1,22Lam Sgr,Kaus Borealis,18.466179,-25.4217,23.9693,-44.81,-186.29,-43.2,2.82,0.922,K1IIIb,1.025,2.635486,-21.487046,-10.289309,-1.116e-05,4.82e-05,-5.8e-07,4.834434275,-0.443692368,-2.17245e-07,-9.03159e-07,Lam,22.0,Sgr,1,90217,,37.25632385,,,
90978,90979,91262.0,172167.0,7001.0,Gl 721,3Alp Lyr,Vega,18.61564,38.783692,7.6787,201.02,287.46,-12.1,0.03,0.604,A0Vvar,-0.001,0.960565,-5.908009,4.809731,4.76e-06,1.734e-05,5.9e-07,4.873563096,0.676903116,9.74572e-07,1.39365e-06,Alp,3.0,Lyr,1,90979,,49.93441887,,,
92132,92133,92420.0,174638.0,7106.0,,10Bet Lyr,Sheliak,18.834665,33.362667,294.9853,1.1,-4.46,-19.0,3.52,-3.829,A8:V comp SB,0.003,53.40884,-240.514817,162.223134,-1.22e-06,1.276e-05,-1.601e-05,4.930903799,0.582288386,5.33295e-09,-2.16227e-08,Bet,10.0,Lyr,1,92133,,2962.101936,Bet,4.259,3.329
92470,92471,92761.0,174974.0,7116.0,,32Nu 1Sgr,Ainalrami,18.902827,-22.744834,344.8276,2.95,-5.7,-12.0,4.86,-2.828,K1II,1.412,74.467326,-309.170538,-133.319898,1.28e-06,1.574e-05,-4.04e-06,4.948748514,-0.396972241,1.4302e-08,-2.76344e-08,Nu-1,32.0,Sgr,1,92471,,1178.148406,,,
92563,92564,92855.0,175191.0,7121.0,,34Sig Sgr,Nunki,18.92109,-26.296722,69.8324,13.87,-52.65,-11.0,2.05,-2.17,B2.5V,-0.134,14.950858,-60.794062,-30.937099,2.7e-07,1.858e-05,-1.1e-05,4.953529829,-0.458964384,6.72437e-08,-2.55254e-07,Sig,34.0,Sgr,1,92564,,642.6877173,,,
92653,92654,92946.0,175638.0,7141.0,,63The1Ser,Alya,18.936995,4.203595,47.4158,37.69,26.98,-46.0,4.62,1.24,A5V,0.161,11.483943,-45.872196,3.475585,-3.1e-06,4.806e-05,2.74e-06,4.957693715,0.073366575,1.82726e-07,1.30803e-07,The-1,63.0,Ser,1,92654,,27.79713268,,4.694,4.394
92658,92659,92951.0,175639.0,7142.0,,63The2Ser,Alya B,18.937401,4.202132,51.9481,52.42,31.17,-53.0,4.98,1.402,A5Vn,0.204,12.587009,-50.255684,3.806479,-4.7e-07,5.62e-05,3.86e-06,4.95779997,0.073341047,2.54139e-07,1.51116e-07,The-2,63.0,Ser,1,92659,,23.94418173,,,
92901,92902,93194.0,176437.0,7178.0,,14Gam Lyr,Sulafat,18.982395,32.689557,190.1141,-2.76,1.77,-21.0,3.25,-3.145,B9III,-0.049,40.69872,-154.738921,102.67804,-7.28e-06,1.769e-05,-1.023e-05,4.969579453,0.570540407,-1.33809e-08,8.5812e-09,Gam,14.0,Lyr,1,92902,,1577.61127,,,
93212,93213,93506.0,176687.0,7194.0,,38Zet Sgr,Ascella,19.043532,-29.880105,27.0416,-14.1,3.66,22.0,2.6,0.44,A3IV,0.062,6.326274,-22.577554,-13.471863,3.55e-06,-1.951e-05,-1.079e-05,4.985585012,-0.521506219,-6.83587e-08,1.77442e-08,Zet,38.0,Sgr,1,93213,,58.07644175,,,
93451,93452,93747.0,177724.0,7235.0,GJ 4095A,17Zet Aql,Okab,19.090169,13.863478,25.4582,-7.04,-95.31,-25.0,2.99,0.961,A0Vn,0.014,6.95881,-23.716532,6.099966,-7.03e-06,2.087e-05,-1.755e-05,4.997794545,0.241963339,-3.41309e-08,-4.62076e-07,Zet,17.0,Aql,1,93452,GJ 4095,35.94181463,,,
93818,93819,94114.0,178253.0,7254.0,,Alp CrA,Meridiana,19.157869,-37.904474,38.432,85.73,-96.65,-18.0,4.11,1.187,A0/A1V,0.042,9.052029,-28.941534,-23.610478,7.61e-06,2.919e-05,-2.9e-06,5.015518362,-0.661557879,4.15631e-07,-4.68572e-07,Alp,,CrA,1,93819,,29.18770848,,,
93845,93846,94141.0,178524.0,7264.0,,41Pi  Sgr,Albaldah,19.162731,-21.023615,156.25,-1.17,-36.83,-10.0,2.88,-3.089,F2II/III,0.377,43.714239,-139.143552,-56.055078,-6.71e-06,1.839e-05,-2.237e-05,5.016791345,-0.366931299,-5.67232e-09,-1.78557e-07,Pi,41.0,Sgr,1,93846,,1498.304211,,,
94080,94081,94376.0,180711.0,7310.0,,57Del Dra,Altais,19.209225,67.661541,29.8686,94.49,92.3,25.0,3.07,0.694,G9III,0.99,3.534238,-10.788301,27.627312,1.218e-05,6.77e-06,2.873e-05,5.028963347,1.18091667,4.581e-07,4.47483e-07,Del,57.0,Dra,1,94081,,45.96211447,,,
94185,94186,94481.0,180163.0,7298.0,,20Eta Lyr,Aladfar,19.229302,39.145968,425.5319,-1.59,-0.61,-8.0,4.43,-3.715,B2.5IV,-0.15,104.385585,-313.073293,268.637487,-4.87e-06,4.23e-06,-6.14e-06,5.034219531,0.683226033,-7.70854e-09,-2.95736e-09,Eta,20.0,Lyr,1,94186,,2666.858665,,,
94945,94946,95241.0,181454.0,7337.0,,Bet1Sgr,Arkab Prior,19.377303,-44.458965,96.1538,7.31,-22.43,-11.0,3.96,-0.955,B9V,-0.085,24.213622,-64.216561,-67.345884,-2.23e-06,1.557e-05,4.2e-07,5.072966055,-0.775955314,3.54399e-08,-1.08744e-07,Bet-1,,Sgr,1,94946,,209.8939884,,,
94998,94999,95294.0,181623.0,7343.0,,Bet2Sgr,Arkab Posterior,19.386976,-44.799778,41.1353,92.78,-53.73,19.0,4.27,1.199,F2III,0.35,10.367344,-27.285432,-28.985346,1.951e-05,7.4e-07,-2.129e-05,5.075498521,-0.781903637,4.4981e-07,-2.6049e-07,Bet-2,,Sgr,1,94999,,28.86689018,,,
95051,95052,95347.0,181869.0,7348.0,,Alp Sgr,Rukbat,19.398103,-40.61594,55.7414,32.67,-120.81,-1.0,3.96,0.229,B8V,-0.105,15.143928,-39.50987,-36.286833,3.6e-07,2.373e-05,-2.411e-05,5.078411456,-0.708881879,1.58389e-07,-5.85703e-07,Alp,,Sgr,1,95052,,70.53424143,,,
95472,95473,95771.0,183439.0,7405.0,,6Alp Vul,Anser,19.478427,24.664905,91.1577,-126.45,-106.99,-86.0,4.44,-0.359,M0 comp,1.502,31.268751,-76.712143,38.040745,-7.447e-05,3.465e-05,-7.967e-05,5.09944026,0.430483797,-6.13047e-07,-5.18702e-07,Alp,6.0,Vul,1,95473,,121.2271793,,,
95647,95648,95947.0,183912.0,7417.0,,6Bet1Cyg,Albireo,19.512023,27.959681,133.1558,-7.09,-5.63,-24.0,3.05,-2.572,K3II+...,1.088,45.350466,-108.51838,62.430012,-1.193e-05,1.667e-05,-1.472e-05,5.108235547,0.487988492,-3.43733e-08,-2.7295e-08,Bet-1,6.0,Cyg,1,95648,,930.6791832,,,
95651,95652,95951.0,183914.0,7418.0,,6Bet2Cyg,Albireo B,19.51261,27.965276,122.549,-1.95,-0.98,-18.0,5.12,-0.322,B8V,-0.095,41.751189,-99.862557,57.467608,-7.24e-06,1.43e-05,-9.15e-06,5.108389313,0.48808615,-9.45387e-09,-4.75117e-09,Bet-2,6.0,Cyg,1,95652,,117.1655674,,,
95798,95799,96100.0,185144.0,7462.0,Gl 764,61Sig Dra,Alsafi,19.539149,69.661175,5.7547,598.43,-1738.81,28.2,4.67,5.87,K0V,0.786,0.784452,-1.840016,5.396152,3.712e-05,-4.452e-05,1.019e-05,5.115337176,1.215816871,2.90127e-06,-8.42999e-06,Sig,61.0,Dra,1,95799,,0.390840896,,,
96449,96450,96757.0,185758.0,7479.0,,5Alp Sge,Sham,19.668275,18.01389,130.3781,15.09,-19.72,2.0,4.39,-1.186,G0II,0.777,52.446573,-112.348474,40.319114,1.11e-05,-1.22e-06,-1.122e-05,5.149142443,0.314401698,7.31584e-08,-9.56053e-08,Alp,5.0,Sge,1,96450,,259.656979,,,
96857,96858,97165.0,186882.0,7528.0,,18Del Cyg,Fawaris,19.749574,45.13081,50.5817,43.22,48.44,-20.0,2.86,-0.66,B9.5III,-0.002,15.779435,-32.006459,35.8481,-6e-07,2.518e-05,-6.12e-06,5.170426442,0.787681222,2.09536e-07,2.34844e-07,Del,18.0,Cyg,1,96858,,159.9558029,,,
96969,96970,97278.0,186791.0,7525.0,,50Gam Aql,Tarazed,19.770994,10.613261,121.0654,15.72,-3.08,-2.0,2.72,-2.695,K3II,1.507,53.215608,-106.431852,22.297682,7.5e-06,5.63e-06,-2.15e-06,5.176034186,0.185236351,7.62127e-08,-1.49323e-08,Gam,50.0,Aql,1,96970,,1042.317429,,,
97337,97338,97649.0,187642.0,7557.0,Gl 768,53Alp Aql,Altair,19.846388,8.868322,5.1295,536.82,385.54,-26.1,0.76,2.21,A7IV-V,0.221,2.355468,-4.4873,0.790749,-1.12e-06,3.087e-05,5.36e-06,5.195772106,0.154781417,2.60258e-06,1.86915e-06,Alp,53.0,Aql,1,97338,,11.37627286,Alp,0.803,0.753
97626,97627,97938.0,188310.0,7595.0,,59Xi  Aql,Libertas,19.904134,8.461453,56.2746,101.43,-81.28,-42.0,4.71,0.958,K0III,1.023,26.612383,-48.887669,8.280414,5.55e-06,4.768e-05,-2.825e-05,5.210889981,0.147680209,4.91747e-07,-3.94057e-07,Xi,59.0,Aql,1,97627,,36.04126286,,,
97724,97725,98036.0,188512.0,7602.0,Gl 771A,60Bet Aql,Alshain,19.921887,6.406763,13.6986,46.35,-481.32,-40.7,3.71,3.027,G8IVvar,0.855,6.563854,-11.925647,1.528534,-1.553e-05,3.46e-05,-3.641e-05,5.215537811,0.111819116,2.24711e-07,-2.33351e-06,Bet,60.0,Aql,1,97725,Gl 771,5.360434578,,,
97754,97755,98066.0,188376.0,7597.0,,58Ome Sgr,Terebellum,19.930651,-26.299506,25.9875,203.96,74.4,-21.0,4.7,2.626,G3/G5III,0.748,11.280499,-20.384256,-11.514028,1.517e-05,2.565e-05,1.792e-05,5.217832252,-0.459012977,9.88826e-07,3.60701e-07,Ome,58.0,Sgr,1,97755,,7.755324958,,,
99742,99743,100064.0,192947.0,7754.0,,6Alp2Cap,Algedi,20.300904,-12.544852,32.4465,61.78,2.85,0.7,3.58,1.024,G6/G8III,0.883,17.945333,-26.097385,-7.047505,8.46e-06,4.85e-06,2.8e-07,5.314764238,-0.218948968,2.99518e-07,1.38172e-08,Alp-2,6.0,Cap,1,99743,,33.91563869,,,
99984,99985,100310.0,193432.0,7773.0,,8Nu  Cap,Alshat,20.344393,-12.75908,77.6398,15.71,-14.63,-2.0,4.77,0.32,B9IV,-0.047,43.612148,-61.902343,-17.146901,2.98e-06,6.03e-06,-4.92e-06,5.326149706,-0.222687948,7.61642e-08,-7.09282e-08,Nu,8.0,Cap,1,99985,,64.86344335,,,
100019,100020,100345.0,193495.0,7776.0,,9Bet Cap,Dabih,20.350187,-14.781367,100.2004,48.42,14.0,-19.0,3.05,-1.954,A5:n,0.79,55.920163,-79.116953,-25.564218,9.36e-06,2.75e-05,1.153e-05,5.327666598,-0.257983524,2.34747e-07,6.78739e-08,Bet,9.0,Cap,1,100020,,526.7444883,,,
100127,100128,100453.0,194093.0,7796.0,,37Gam Cyg,Sadr,20.370473,40.256679,561.7978,2.43,-0.93,-8.0,2.23,-6.518,F8Ib,0.673,249.318228,-348.795593,363.040966,2.7e-06,7.6e-06,-7.22e-06,5.332977255,0.702611598,1.1781e-08,-4.50877e-09,Gam,37.0,Cyg,1,100128,,35253.31812,,,
100424,100425,100751.0,193924.0,7790.0,,Alp Pav,Peacock,20.427459,-56.73509,54.8246,7.71,-86.15,2.0,1.94,-1.755,B2IV,-0.118,17.850262,-24.200974,-45.841245,-9.05e-06,1.572e-05,-1.427e-05,5.347896379,-0.990214122,3.73791e-08,-4.17667e-07,Alp,,Pav,1,100425,,438.5306978,,,
101094,101095,101421.0,195810.0,7852.0,,2Eps Del,Aldulfin,20.553547,11.303263,101.3171,10.75,-28.54,-19.0,4.03,-0.998,B6III,-0.123,61.580495,-77.965441,19.858319,-5.96e-06,1.607e-05,-1.755e-05,5.380906149,0.197279151,5.21175e-08,-1.38366e-07,Eps,2.0,Del,1,101095,,218.3735328,,,
101441,101442,101769.0,196524.0,7882.0,,6Bet Del,Rotanev,20.625816,14.595087,30.931,118.28,-47.65,-23.0,3.64,1.188,F5IV,0.425,18.994041,-23.134214,7.794139,4.1e-07,2.746e-05,-1.284e-05,5.399826078,0.254732324,5.73438e-07,-2.31014e-07,Bet,6.0,Del,1,101442,,29.16083799,,,
101628,101629,101958.0,196867.0,7906.0,,9Alp Del,Sualocin,20.660635,15.912072,77.821,54.14,7.91,-3.0,3.77,-0.685,B9V,-0.057,48.015095,-57.406003,21.335542,1.325e-05,1.599e-05,2.03e-06,5.408941597,0.277718046,2.62478e-07,3.83488e-08,Alp,9.0,Del,1,101629,,163.6816521,,,
101766,101767,102098.0,197345.0,7924.0,,50Alp Cyg,Deneb,20.690532,45.280338,432.9004,1.56,1.55,-5.0,1.25,-6.932,A2Ia,0.092,197.250632,-232.113407,307.600832,-1.33e-06,6.62e-06,-1.34e-06,5.416768542,0.790290983,7.56309e-09,7.51461e-09,Alp,50.0,Cyg,1,101767,,51617.86055,Alp,1.294,1.224
102156,102157,102488.0,197989.0,7949.0,Gl 806.1A,53Eps Cyg,Aljanah,20.770178,33.970256,22.2916,356.16,330.28,-10.9,2.48,0.739,K0III,1.021,12.262597,-13.834612,12.455654,9.44e-06,4.737e-05,2.337e-05,5.437619819,0.592892816,1.72671e-06,1.60124e-06,Eps,53.0,Cyg,1,102157,Gl 806.1,44.09608165,,,
102286,102287,102618.0,198001.0,7950.0,,2Eps Aqr,Albali,20.794598,-9.495776,63.6943,31.89,-35.32,-16.0,3.78,-0.241,A1V,0.0,41.969653,-46.744809,-10.507937,-4.66e-06,1.993e-05,-8.06e-06,5.444012901,-0.16573255,1.54607e-07,-1.71236e-07,Eps,2.0,Aqr,1,102287,,108.742672,,,
103194,103195,103527.0,199665.0,8030.0,,18    Del,Musica,20.973871,10.839286,75.3012,-47.95,-34.35,0.0,5.51,1.126,G6III:,0.934,51.937043,-52.652515,14.160751,-1.081e-05,-1.397e-05,-1.232e-05,5.490946536,0.189181229,-2.32468e-07,-1.66533e-07,,18.0,Del,1,103195,,30.87450476,,,
104045,104046,104382.0,177482.0,7228.0,,Sig Oct,Polaris Australis,21.146119,-88.956499,86.1326,25.96,5.02,12.0,5.45,0.774,F0III,0.283,1.150845,-1.065873,-86.118423,9.07e-06,6.38e-06,-1.223e-05,5.536041063,-1.552583796,1.25858e-07,2.43376e-08,Sig,,Oct,1,104046,,42.6972594,Sig,5.483,5.423
104648,104649,104987.0,202447.0,8131.0,,8Alp Equ,Kitalpha,21.263731,5.247845,58.3431,59.63,-94.33,-16.0,3.92,0.09,G0III+...,0.549,43.818116,-38.149671,5.336289,6.3e-07,2.182e-05,-2.806e-05,5.566831744,0.091592166,2.89094e-07,-4.57325e-07,Alp,8.0,Equ,1,104649,,80.16780634,,,
104860,104861,105199.0,203280.0,8162.0,Gl 826,5Alp Cep,Alderamin,21.30963,62.585573,15.0376,149.91,48.27,-11.5,2.45,1.564,A7IV-V,0.257,5.276111,-4.483201,13.348778,5.7e-07,1.386e-05,-8.82e-06,5.578848152,1.092324305,7.26784e-07,2.3402e-07,Alp,5.0,Cep,1,104861,,20.62528698,,,
105690,105691,106032.0,205021.0,8238.0,,8Bet Cep,Alfirk,21.477662,70.560716,210.084,12.6,8.73,-8.0,3.23,-3.382,B2IIIv SB,-0.201,55.219515,-42.886719,198.108029,-9e-07,1.695e-05,-4.76e-06,5.622838697,1.231516815,6.10865e-08,4.23242e-08,Bet,8.0,Cep,1,105691,,1962.456324,Bet,3.257,3.207
105935,105936,106278.0,204867.0,8232.0,,22Bet Aqr,Sadalsuud,21.525982,-5.571172,164.7446,22.79,-6.7,7.0,2.9,-3.184,G0Ib,0.828,130.759282,-98.929336,-15.993766,1.625e-05,1.053e-05,-6.02e-06,5.635488812,-0.097235298,1.10489e-07,-3.24825e-08,Bet,22.0,Aqr,1,105936,,1635.309652,,,
106443,106444,106786.0,205767.0,8264.0,,23Xi  Aqr,Bunda,21.629197,-7.854201,54.7645,114.29,-24.44,-21.0,4.68,0.988,A7V,0.175,44.13209,-31.551274,-7.483694,-3.8e-07,3.757e-05,-3.49e-06,5.662510489,-0.137081676,5.54094e-07,-1.18488e-07,Xi,23.0,Aqr,1,106444,,35.05903839,,,
106641,106642,106985.0,206088.0,8278.0,GJ 4209,40Gam Cap,Nashira,21.668181,-16.662308,48.1464,187.39,-22.33,-31.2,3.69,0.277,A7III:mp...,0.32,37.793496,-26.44095,-13.804954,-1.2e-06,5.422e-05,4.16e-06,5.672716509,-0.290812129,9.08492e-07,-1.08259e-07,Gam,40.0,Cap,1,106642,,67.48387309,Gam,3.694,3.684
106794,106795,107136.0,206672.0,8301.0,,80Pi 1Cyg,Azelfafage,21.701573,51.189622,529.1005,5.25,-2.11,-8.0,4.69,-3.928,B3IV,-0.119,273.366682,-187.713963,412.287993,6.87e-06,1.162e-05,-9.77e-06,5.681458514,0.893427444,2.54527e-08,-1.02296e-08,Pi-1,80.0,Cyg,1,106795,,3244.890157,,,
106971,106972,107315.0,206778.0,8308.0,,8Eps Peg,Enif,21.736433,9.875011,211.4165,30.02,1.38,5.0,2.38,-4.246,K2Ibvar,1.52,172.769915,-116.330918,36.25782,2.116e-05,2.284e-05,2.27e-06,5.690584775,0.17235146,1.45541e-07,6.69043e-09,Eps,8.0,Peg,1,106972,,4349.106072,Eps,2.404,2.364
107212,107213,107556.0,207098.0,8322.0,Gl 837,49Del Cap,Deneb Algedi,21.784011,-16.127286,11.8666,263.26,-296.23,-6.3,2.85,2.478,A5mF2 (IV),0.18,9.534405,-6.248606,-3.296196,-8.3e-07,1.865e-05,-1.458e-05,5.703040681,-0.281474238,1.27632e-06,-1.43616e-06,Del,49.0,Cap,1,107213,,8.887917199,Del,2.93,2.82
107741,107742,108085.0,207971.0,8353.0,,Gam Gru,Aldhanab,21.898808,-37.364852,64.7249,95.88,-12.1,-2.0,3.0,-1.055,B8III,-0.084,43.853581,-26.892269,-39.28078,1.238e-05,2.77e-05,-1.78e-06,5.733094609,-0.652139696,4.64839e-07,-5.86625e-08,Gam,,Gru,1,107742,,230.1441817,,,
108572,108573,108917.0,209790.0,8417.0,,17Xi  Cep,Kurhah,22.063135,64.627971,29.5946,214.46,89.29,-6.0,4.26,1.904,Am,0.379,11.085515,-6.15803,26.739992,2.53e-06,3.379e-05,-6e-08,5.7761153,1.127970886,1.03973e-06,4.3289e-07,Xi,17.0,Cep,1,108573,,15.07995342,,,
108727,108728,109074.0,209750.0,8414.0,,34Alp Aqr,Sadalmelik,22.096399,-0.319851,160.5136,17.9,-9.93,8.0,2.95,-3.078,G2Ib,0.969,140.987693,-76.722268,-0.896054,1.381e-05,8.34e-06,-7.77e-06,5.784823674,-0.005582447,8.67816e-08,-4.8142e-08,Alp,34.0,Aqr,1,108728,,1483.200967,,,
108921,108922,109268.0,209952.0,8425.0,Gl 848.2,Alp Gru,Alnair,22.137209,-46.960975,30.9693,127.6,-147.91,10.9,1.73,-0.725,B7IV,-0.07,18.672505,-9.904001,-22.635193,1.36e-06,2.096e-05,-2.33e-05,5.795507643,-0.81962364,6.18622e-07,-7.17088e-07,Alp,,Gru,1,108922,,169.8243652,,,
109080,109081,109427.0,210418.0,8450.0,GJ 9771,26The Peg,Biham,22.169996,6.197865,28.2965,281.96,31.23,-7.9,3.52,1.261,A2V,0.086,24.963846,-12.967714,3.054948,1.029e-05,3.824e-05,3.39e-06,5.804091273,0.108173149,1.36698e-06,1.51407e-07,The,26.0,Peg,1,109081,,27.26465459,,,
109656,109657,110003.0,211391.0,8499.0,,43The Aqr,Ancha,22.280565,-7.78329,57.4713,118.95,-21.91,-15.0,4.17,0.373,G8III-IV,0.979,51.269356,-24.775209,-7.783126,-1e-08,3.681e-05,-3.97e-06,5.833038396,-0.135844042,5.76686e-07,-1.06223e-07,The,43.0,Aqr,1,109657,,61.77318586,,,
110048,110049,110395.0,212061.0,8518.0,GJ 9779,48Gam Aqr,Sadachbia,22.360938,-1.387331,50.2008,129.24,8.9,-25.6,3.86,0.356,A0V,-0.057,45.635919,-20.880207,-1.215412,-1.067e-05,3.947e-05,2.8e-06,5.854079765,-0.024213502,6.26573e-07,4.31484e-08,Gam,48.0,Aqr,1,110049,,62.7480162,,,
111358,111359,111710.0,214376.0,8610.0,,63Kap Aqr,Situla,22.629273,-4.228056,65.5738,-68.36,-120.47,8.0,5.04,0.956,K2III,1.14,61.229681,-22.967064,-4.834534,-2.64e-06,-2.222e-05,-3.879e-05,5.924329688,-0.073793492,-3.31419e-07,-5.84055e-07,Kap,63.0,Aqr,1,111359,,36.10771451,,,
111675,111676,112029.0,214923.0,8634.0,,42Zet Peg,Homam,22.691033,10.831364,62.6566,77.38,-10.98,7.0,3.41,-0.575,B8.5V,-0.086,57.962157,-20.678728,11.774377,1.511e-05,1.956e-05,-1.93e-06,5.940498624,0.189042971,3.75149e-07,-5.32325e-08,Zet,42.0,Peg,1,111676,,147.9108388,,,
111767,111768,112122.0,214952.0,8636.0,,Bet Gru,Tiaki,22.711115,-46.884577,54.2594,135.68,-4.51,2.0,2.07,-1.602,M5III,1.61,34.993484,-12.277259,-39.608199,1.232e-05,3.35e-05,-2.3e-06,5.945755998,-0.818290234,6.57795e-07,-2.18651e-08,Bet,,Gru,1,111768,,380.8903765,,2.191,1.971
111803,111804,112158.0,215182.0,8650.0,,44Eta Peg,Matar,22.716704,30.221245,65.703,13.11,-26.11,4.0,2.93,-1.158,G2II-III..,0.852,53.59916,-18.717064,33.070991,8.67e-06,1.4e-06,-5.13e-06,5.947219325,0.527460231,6.35591e-08,-1.26585e-07,Eta,44.0,Peg,1,111804,,253.0463049,,,
112388,112389,112748.0,216131.0,8684.0,GJ 4298,48Mu  Peg,Sadalbari,22.833385,24.601579,32.5309,144.11,-43.44,15.3,3.51,0.949,M2III,0.933,28.209183,-8.893887,13.542862,2.312e-05,1.654e-05,2.9e-07,5.977766089,0.429378558,6.98665e-07,-2.10603e-07,Mu,48.0,Peg,1,112389,,36.34126161,,,
112775,112776,113136.0,216627.0,8709.0,,76Del Aqr,Skat,22.910837,-15.82082,49.2368,-44.08,-24.81,18.0,3.27,-0.191,A3V,0.066,45.459019,-13.325406,-13.423467,1.249e-05,-1.462e-05,-1.072e-05,5.998043116,-0.276125402,-2.13706e-07,-1.20282e-07,Del,76.0,Aqr,1,112776,,103.8484455,,,
112996,112997,113357.0,217014.0,8729.0,Gl 882,51    Peg,Helvetios,22.95777,20.768832,15.6079,208.06,60.96,-33.7,5.45,4.483,G5V,0.666,14.053522,-3.93265,5.534429,-2.837e-05,2.429e-05,-7.91e-06,6.010330125,0.362484504,1.0087e-06,2.95542e-07,,51.0,Peg,1,112997,,1.402167834,,,
113007,113008,113368.0,216956.0,8728.0,Gl 881,24Alp PsA,Fomalhaut,22.960838,-29.622236,7.7036,329.22,-164.22,6.1,1.17,1.737,A3V,0.145,6.450517,-1.799476,-3.807757,5.61e-06,1.12e-05,-8.41e-06,6.011133384,-0.517005551,1.5961e-06,-7.96161e-07,Alp,24.0,PsA,1,113008,,17.58733354,,,
113520,113521,113881.0,217906.0,8775.0,,53Bet Peg,Scheat,23.062901,28.082789,60.0962,187.76,137.61,9.0,2.44,-1.454,M2II-IIIvar,1.655,51.433435,-12.877612,28.290136,2.86e-06,5.567e-05,3.97e-05,6.037853304,0.490137132,9.10286e-07,6.67152e-07,Bet,53.0,Peg,1,113521,,332.3533036,Bet,2.584,2.384
113528,113529,113889.0,217891.0,8773.0,,4Bet Psc,Fumalsamakah,23.064615,3.820045,125.1564,12.86,-10.13,0.3,4.48,-1.007,B6Ve,-0.115,121.152668,-30.275882,8.338293,2.59e-06,7.4e-06,-6.11e-06,6.038302081,0.066672368,6.2347e-08,-4.91116e-08,Bet,4.0,Psc,1,113529,,220.1912211,,,
113602,113603,113963.0,218045.0,8781.0,,54Alp Peg,Markab,23.079348,15.205264,40.8831,61.1,-42.56,-4.0,2.49,-0.568,B9.5III,-0.002,38.311434,-9.417123,10.722722,1.21e-06,1.217e-05,-9.21e-06,6.042159146,0.265381927,2.96221e-07,-2.06337e-07,Alp,54.0,Peg,1,113603,,146.9602899,,,
114884,114887,115250.0,220061.0,8880.0,,62Tau Peg,Salm,23.343956,23.740337,49.5786,30.48,-9.14,16.0,4.58,1.104,A5V,0.18,44.715629,-7.756411,19.960021,1.688e-05,4.51e-06,4.58e-06,6.111433335,0.414347045,1.47771e-07,-4.4312e-08,Tau,62.0,Peg,1,114887,,31.50648833,Tau,4.598,4.558
115255,115258,115623.0,220657.0,8905.0,,68Ups Peg,Alkarab,23.422993,23.404101,52.2466,193.12,36.47,-11.0,4.42,0.83,F8IV,0.617,47.401961,-7.215479,20.75302,-6.47e-06,5.046e-05,4.01e-06,6.132125166,0.408478621,9.36272e-07,1.76812e-07,Ups,68.0,Peg,1,115258,,40.55085354,,,
115708,115711,116076.0,221345.0,8930.0,,14    And,Veritate,23.52149,39.236198,79.1766,287.3,-83.78,-59.0,5.22,0.727,K0III,1.029,60.844885,-7.662161,50.080351,-1.241e-05,0.00011271,-6.307e-05,6.157911757,0.684800843,1.39287e-06,-4.06177e-07,,14.0,And,1,115711,,44.58615279,,,
116358,116361,116727.0,222404.0,8974.0,Gl 903,35Gam Cep,Errai,23.65582,77.632276,14.1024,-48.85,127.18,-43.1,3.21,2.464,K1IV,1.031,3.008186,-0.271815,13.774751,-1.816e-05,-1.71e-06,-4.119e-05,6.193079298,1.354938819,-2.36831e-07,6.16586e-07,Gam,35.0,Cep,1,116361,,9.003264311,,,
118081,118084,,10361.0,487.0,Gl 66A,,p Eridani,1.663003,-56.19462,8.1466,268.8,25.41,19.5,5.8,6.245,K2 V,0.86,4.110128,1.912046,-6.7701,6.34e-06,1.466e-05,-1.601e-05,0.43537305,-0.980781133,1.30318e-06,1.23186e-07,,,Eri,1,118084,Gl 66,0.276694165,,,
118480,118485,,60178.0,2890.0,Gl 278B,66Alp Gem,Castor B,7.576827,31.89052,15.8053,-162.69,-98.14,-1.2,2.85,1.856,A m,,-5.383676,12.292323,8.349873,1.024e-05,7.69e-06,-7.03e-06,1.983608717,0.556594568,-7.88743e-07,-4.75801e-07,Alp,66.0,Gem,2,36744,Gl 278,15.76158905,,,
118737,118742,,98231.0,4375.0,Gl 423A,53Xi  UMa,Alula Australis,11.303118,31.528783,10.4167,-425.24,-581.01,-15.9,4.33,4.241,G0 Ve,0.59,-8.73089,1.610966,5.446747,2.43e-06,2.139e-05,-3.351e-05,2.959149416,0.550281064,-2.06162e-06,-2.81682e-06,Xi,53.0,UMa,1,118742,Gl 423,1.752265862,,,
118738,118743,,98230.0,4374.0,Gl 423B,53Xi  UMa,Alula Australis B,11.303118,31.528783,10.4167,-425.24,-581.01,-13.6,4.8,4.711,G0 Ve,,-8.730989,1.610983,5.446808,4.6e-07,2.175e-05,-3.228e-05,2.959149416,0.550281064,-2.06162e-06,-2.81682e-06,Xi,53.0,UMa,2,118742,Gl 423,1.136579975,,,
119053,119058,,144070.0,5978.0,GJ 9540A,Xi  Sco,Graffias,16.072774,-11.374611,24.3309,-61.63,-33.19,-32.2,4.84,2.909,F6 IV-V,0.45,-11.530023,-20.879358,-4.798287,9.62e-06,3.245e-05,2.66e-06,4.207842357,-0.198524414,-2.98791e-07,-1.6089e-07,Xi,,Sco,1,119058,GJ 9540,5.975854297,,,
119122,119127,,154906.0,6370.0,GJ 9584A,21Mu  Dra,Alrakis,17.088714,54.469093,23.2558,-76.0,79.53,-14.3,5.63,3.797,F7 V,0.47,-3.193886,-13.13167,18.925026,-4.59e-06,1.737e-05,-6.69e-06,4.473814769,0.950665021,-3.68458e-07,3.85553e-07,Mu,21.0,Dra,1,119127,GJ 9584,2.637545741,,,
119130,119135,,155886.0,6402.0,Gl 663B,36    Oph,Guniibuu B,17.255734,-26.603215,5.9852,-492.43,-1127.13,0.5,5.07,6.185,K1 Ve,0.85,-1.036233,-5.250282,-2.680239,-1.127e-05,1.668e-05,-2.947e-05,4.517540538,-0.464313694,-2.38737e-06,-5.46446e-06,,36.0,Oph,2,84147,Gl 663,0.292415238,,,
